10 + 10 =	0+0+0=0c0 1+1+0=2c0 = 20
10 + 14 =	0+4+0=4c0 1+1+0=2c0 = 24
10 + 18 =	0+8+0=8c0 1+1+0=2c0 = 28
10 + 22 =	0+2+0=2c0 1+2+0=3c0 = 32
10 + 26 =	0+6+0=6c0 1+2+0=3c0 = 36
10 + 30 =	0+0+0=0c0 1+3+0=4c0 = 40
10 + 34 =	0+4+0=4c0 1+3+0=4c0 = 44
10 + 38 =	0+8+0=8c0 1+3+0=4c0 = 48
10 + 42 =	0+2+0=2c0 1+4+0=5c0 = 52
10 + 46 =	0+6+0=6c0 1+4+0=5c0 = 56
10 + 50 =	0+0+0=0c0 1+5+0=6c0 = 60
10 + 54 =	0+4+0=4c0 1+5+0=6c0 = 64
10 + 58 =	0+8+0=8c0 1+5+0=6c0 = 68
10 + 62 =	0+2+0=2c0 1+6+0=7c0 = 72
10 + 66 =	0+6+0=6c0 1+6+0=7c0 = 76
10 + 70 =	0+0+0=0c0 1+7+0=8c0 = 80
10 + 74 =	0+4+0=4c0 1+7+0=8c0 = 84
10 + 78 =	0+8+0=8c0 1+7+0=8c0 = 88
10 + 82 =	0+2+0=2c0 1+8+0=9c0 = 92
10 + 86 =	0+6+0=6c0 1+8+0=9c0 = 96
10 + 90 =	0+0+0=0c0 1+9+0=0c1 0+0+1=1c0 = 100
10 + 94 =	0+4+0=4c0 1+9+0=0c1 0+0+1=1c0 = 104
10 + 98 =	0+8+0=8c0 1+9+0=0c1 0+0+1=1c0 = 108
14 + 10 =	4+0+0=4c0 1+1+0=2c0 = 24
14 + 14 =	4+4+0=8c0 1+1+0=2c0 = 28
14 + 18 =	4+8+0=2c1 1+1+1=3c0 = 32
14 + 22 =	4+2+0=6c0 1+2+0=3c0 = 36
14 + 26 =	4+6+0=0c1 1+2+1=4c0 = 40
14 + 30 =	4+0+0=4c0 1+3+0=4c0 = 44
14 + 34 =	4+4+0=8c0 1+3+0=4c0 = 48
14 + 38 =	4+8+0=2c1 1+3+1=5c0 = 52
14 + 42 =	4+2+0=6c0 1+4+0=5c0 = 56
14 + 46 =	4+6+0=0c1 1+4+1=6c0 = 60
14 + 50 =	4+0+0=4c0 1+5+0=6c0 = 64
14 + 54 =	4+4+0=8c0 1+5+0=6c0 = 68
14 + 58 =	4+8+0=2c1 1+5+1=7c0 = 72
14 + 62 =	4+2+0=6c0 1+6+0=7c0 = 76
14 + 66 =	4+6+0=0c1 1+6+1=8c0 = 80
14 + 70 =	4+0+0=4c0 1+7+0=8c0 = 84
14 + 74 =	4+4+0=8c0 1+7+0=8c0 = 88
14 + 78 =	4+8+0=2c1 1+7+1=9c0 = 92
14 + 82 =	4+2+0=6c0 1+8+0=9c0 = 96
14 + 86 =	4+6+0=0c1 1+8+1=0c1 0+0+1=1c0 = 100
14 + 90 =	4+0+0=4c0 1+9+0=0c1 0+0+1=1c0 = 104
14 + 94 =	4+4+0=8c0 1+9+0=0c1 0+0+1=1c0 = 108
14 + 98 =	4+8+0=2c1 1+9+1=1c1 0+0+1=1c0 = 112
18 + 10 =	8+0+0=8c0 1+1+0=2c0 = 28
18 + 14 =	8+4+0=2c1 1+1+1=3c0 = 32
18 + 18 =	8+8+0=6c1 1+1+1=3c0 = 36
18 + 22 =	8+2+0=0c1 1+2+1=4c0 = 40
18 + 26 =	8+6+0=4c1 1+2+1=4c0 = 44
18 + 30 =	8+0+0=8c0 1+3+0=4c0 = 48
18 + 34 =	8+4+0=2c1 1+3+1=5c0 = 52
18 + 38 =	8+8+0=6c1 1+3+1=5c0 = 56
18 + 42 =	8+2+0=0c1 1+4+1=6c0 = 60
18 + 46 =	8+6+0=4c1 1+4+1=6c0 = 64
18 + 50 =	8+0+0=8c0 1+5+0=6c0 = 68
18 + 54 =	8+4+0=2c1 1+5+1=7c0 = 72
18 + 58 =	8+8+0=6c1 1+5+1=7c0 = 76
18 + 62 =	8+2+0=0c1 1+6+1=8c0 = 80
18 + 66 =	8+6+0=4c1 1+6+1=8c0 = 84
18 + 70 =	8+0+0=8c0 1+7+0=8c0 = 88
18 + 74 =	8+4+0=2c1 1+7+1=9c0 = 92
18 + 78 =	8+8+0=6c1 1+7+1=9c0 = 96
18 + 82 =	8+2+0=0c1 1+8+1=0c1 0+0+1=1c0 = 100
18 + 86 =	8+6+0=4c1 1+8+1=0c1 0+0+1=1c0 = 104
18 + 90 =	8+0+0=8c0 1+9+0=0c1 0+0+1=1c0 = 108
18 + 94 =	8+4+0=2c1 1+9+1=1c1 0+0+1=1c0 = 112
18 + 98 =	8+8+0=6c1 1+9+1=1c1 0+0+1=1c0 = 116
22 + 10 =	2+0+0=2c0 2+1+0=3c0 = 32
22 + 14 =	2+4+0=6c0 2+1+0=3c0 = 36
22 + 18 =	2+8+0=0c1 2+1+1=4c0 = 40
22 + 22 =	2+2+0=4c0 2+2+0=4c0 = 44
22 + 26 =	2+6+0=8c0 2+2+0=4c0 = 48
22 + 30 =	2+0+0=2c0 2+3+0=5c0 = 52
22 + 34 =	2+4+0=6c0 2+3+0=5c0 = 56
22 + 38 =	2+8+0=0c1 2+3+1=6c0 = 60
22 + 42 =	2+2+0=4c0 2+4+0=6c0 = 64
22 + 46 =	2+6+0=8c0 2+4+0=6c0 = 68
22 + 50 =	2+0+0=2c0 2+5+0=7c0 = 72
22 + 54 =	2+4+0=6c0 2+5+0=7c0 = 76
22 + 58 =	2+8+0=0c1 2+5+1=8c0 = 80
22 + 62 =	2+2+0=4c0 2+6+0=8c0 = 84
22 + 66 =	2+6+0=8c0 2+6+0=8c0 = 88
22 + 70 =	2+0+0=2c0 2+7+0=9c0 = 92
22 + 74 =	2+4+0=6c0 2+7+0=9c0 = 96
22 + 78 =	2+8+0=0c1 2+7+1=0c1 0+0+1=1c0 = 100
22 + 82 =	2+2+0=4c0 2+8+0=0c1 0+0+1=1c0 = 104
22 + 86 =	2+6+0=8c0 2+8+0=0c1 0+0+1=1c0 = 108
22 + 90 =	2+0+0=2c0 2+9+0=1c1 0+0+1=1c0 = 112
22 + 94 =	2+4+0=6c0 2+9+0=1c1 0+0+1=1c0 = 116
22 + 98 =	2+8+0=0c1 2+9+1=2c1 0+0+1=1c0 = 120
26 + 10 =	6+0+0=6c0 2+1+0=3c0 = 36
26 + 14 =	6+4+0=0c1 2+1+1=4c0 = 40
26 + 18 =	6+8+0=4c1 2+1+1=4c0 = 44
26 + 22 =	6+2+0=8c0 2+2+0=4c0 = 48
26 + 26 =	6+6+0=2c1 2+2+1=5c0 = 52
26 + 30 =	6+0+0=6c0 2+3+0=5c0 = 56
26 + 34 =	6+4+0=0c1 2+3+1=6c0 = 60
26 + 38 =	6+8+0=4c1 2+3+1=6c0 = 64
26 + 42 =	6+2+0=8c0 2+4+0=6c0 = 68
26 + 46 =	6+6+0=2c1 2+4+1=7c0 = 72
26 + 50 =	6+0+0=6c0 2+5+0=7c0 = 76
26 + 54 =	6+4+0=0c1 2+5+1=8c0 = 80
26 + 58 =	6+8+0=4c1 2+5+1=8c0 = 84
26 + 62 =	6+2+0=8c0 2+6+0=8c0 = 88
26 + 66 =	6+6+0=2c1 2+6+1=9c0 = 92
26 + 70 =	6+0+0=6c0 2+7+0=9c0 = 96
26 + 74 =	6+4+0=0c1 2+7+1=0c1 0+0+1=1c0 = 100
26 + 78 =	6+8+0=4c1 2+7+1=0c1 0+0+1=1c0 = 104
26 + 82 =	6+2+0=8c0 2+8+0=0c1 0+0+1=1c0 = 108
26 + 86 =	6+6+0=2c1 2+8+1=1c1 0+0+1=1c0 = 112
26 + 90 =	6+0+0=6c0 2+9+0=1c1 0+0+1=1c0 = 116
26 + 94 =	6+4+0=0c1 2+9+1=2c1 0+0+1=1c0 = 120
26 + 98 =	6+8+0=4c1 2+9+1=2c1 0+0+1=1c0 = 124
30 + 10 =	0+0+0=0c0 3+1+0=4c0 = 40
30 + 14 =	0+4+0=4c0 3+1+0=4c0 = 44
30 + 18 =	0+8+0=8c0 3+1+0=4c0 = 48
30 + 22 =	0+2+0=2c0 3+2+0=5c0 = 52
30 + 26 =	0+6+0=6c0 3+2+0=5c0 = 56
30 + 30 =	0+0+0=0c0 3+3+0=6c0 = 60
30 + 34 =	0+4+0=4c0 3+3+0=6c0 = 64
30 + 38 =	0+8+0=8c0 3+3+0=6c0 = 68
30 + 42 =	0+2+0=2c0 3+4+0=7c0 = 72
30 + 46 =	0+6+0=6c0 3+4+0=7c0 = 76
30 + 50 =	0+0+0=0c0 3+5+0=8c0 = 80
30 + 54 =	0+4+0=4c0 3+5+0=8c0 = 84
30 + 58 =	0+8+0=8c0 3+5+0=8c0 = 88
30 + 62 =	0+2+0=2c0 3+6+0=9c0 = 92
30 + 66 =	0+6+0=6c0 3+6+0=9c0 = 96
30 + 70 =	0+0+0=0c0 3+7+0=0c1 0+0+1=1c0 = 100
30 + 74 =	0+4+0=4c0 3+7+0=0c1 0+0+1=1c0 = 104
30 + 78 =	0+8+0=8c0 3+7+0=0c1 0+0+1=1c0 = 108
30 + 82 =	0+2+0=2c0 3+8+0=1c1 0+0+1=1c0 = 112
30 + 86 =	0+6+0=6c0 3+8+0=1c1 0+0+1=1c0 = 116
30 + 90 =	0+0+0=0c0 3+9+0=2c1 0+0+1=1c0 = 120
30 + 94 =	0+4+0=4c0 3+9+0=2c1 0+0+1=1c0 = 124
30 + 98 =	0+8+0=8c0 3+9+0=2c1 0+0+1=1c0 = 128
34 + 10 =	4+0+0=4c0 3+1+0=4c0 = 44
34 + 14 =	4+4+0=8c0 3+1+0=4c0 = 48
34 + 18 =	4+8+0=2c1 3+1+1=5c0 = 52
34 + 22 =	4+2+0=6c0 3+2+0=5c0 = 56
34 + 26 =	4+6+0=0c1 3+2+1=6c0 = 60
34 + 30 =	4+0+0=4c0 3+3+0=6c0 = 64
34 + 34 =	4+4+0=8c0 3+3+0=6c0 = 68
34 + 38 =	4+8+0=2c1 3+3+1=7c0 = 72
34 + 42 =	4+2+0=6c0 3+4+0=7c0 = 76
34 + 46 =	4+6+0=0c1 3+4+1=8c0 = 80
34 + 50 =	4+0+0=4c0 3+5+0=8c0 = 84
34 + 54 =	4+4+0=8c0 3+5+0=8c0 = 88
34 + 58 =	4+8+0=2c1 3+5+1=9c0 = 92
34 + 62 =	4+2+0=6c0 3+6+0=9c0 = 96
34 + 66 =	4+6+0=0c1 3+6+1=0c1 0+0+1=1c0 = 100
34 + 70 =	4+0+0=4c0 3+7+0=0c1 0+0+1=1c0 = 104
34 + 74 =	4+4+0=8c0 3+7+0=0c1 0+0+1=1c0 = 108
34 + 78 =	4+8+0=2c1 3+7+1=1c1 0+0+1=1c0 = 112
34 + 82 =	4+2+0=6c0 3+8+0=1c1 0+0+1=1c0 = 116
34 + 86 =	4+6+0=0c1 3+8+1=2c1 0+0+1=1c0 = 120
34 + 90 =	4+0+0=4c0 3+9+0=2c1 0+0+1=1c0 = 124
34 + 94 =	4+4+0=8c0 3+9+0=2c1 0+0+1=1c0 = 128
34 + 98 =	4+8+0=2c1 3+9+1=3c1 0+0+1=1c0 = 132
38 + 10 =	8+0+0=8c0 3+1+0=4c0 = 48
38 + 14 =	8+4+0=2c1 3+1+1=5c0 = 52
38 + 18 =	8+8+0=6c1 3+1+1=5c0 = 56
38 + 22 =	8+2+0=0c1 3+2+1=6c0 = 60
38 + 26 =	8+6+0=4c1 3+2+1=6c0 = 64
38 + 30 =	8+0+0=8c0 3+3+0=6c0 = 68
38 + 34 =	8+4+0=2c1 3+3+1=7c0 = 72
38 + 38 =	8+8+0=6c1 3+3+1=7c0 = 76
38 + 42 =	8+2+0=0c1 3+4+1=8c0 = 80
38 + 46 =	8+6+0=4c1 3+4+1=8c0 = 84
38 + 50 =	8+0+0=8c0 3+5+0=8c0 = 88
38 + 54 =	8+4+0=2c1 3+5+1=9c0 = 92
38 + 58 =	8+8+0=6c1 3+5+1=9c0 = 96
38 + 62 =	8+2+0=0c1 3+6+1=0c1 0+0+1=1c0 = 100
38 + 66 =	8+6+0=4c1 3+6+1=0c1 0+0+1=1c0 = 104
38 + 70 =	8+0+0=8c0 3+7+0=0c1 0+0+1=1c0 = 108
38 + 74 =	8+4+0=2c1 3+7+1=1c1 0+0+1=1c0 = 112
38 + 78 =	8+8+0=6c1 3+7+1=1c1 0+0+1=1c0 = 116
38 + 82 =	8+2+0=0c1 3+8+1=2c1 0+0+1=1c0 = 120
38 + 86 =	8+6+0=4c1 3+8+1=2c1 0+0+1=1c0 = 124
38 + 90 =	8+0+0=8c0 3+9+0=2c1 0+0+1=1c0 = 128
38 + 94 =	8+4+0=2c1 3+9+1=3c1 0+0+1=1c0 = 132
38 + 98 =	8+8+0=6c1 3+9+1=3c1 0+0+1=1c0 = 136
42 + 10 =	2+0+0=2c0 4+1+0=5c0 = 52
42 + 14 =	2+4+0=6c0 4+1+0=5c0 = 56
42 + 18 =	2+8+0=0c1 4+1+1=6c0 = 60
42 + 22 =	2+2+0=4c0 4+2+0=6c0 = 64
42 + 26 =	2+6+0=8c0 4+2+0=6c0 = 68
42 + 30 =	2+0+0=2c0 4+3+0=7c0 = 72
42 + 34 =	2+4+0=6c0 4+3+0=7c0 = 76
42 + 38 =	2+8+0=0c1 4+3+1=8c0 = 80
42 + 42 =	2+2+0=4c0 4+4+0=8c0 = 84
42 + 46 =	2+6+0=8c0 4+4+0=8c0 = 88
42 + 50 =	2+0+0=2c0 4+5+0=9c0 = 92
42 + 54 =	2+4+0=6c0 4+5+0=9c0 = 96
42 + 58 =	2+8+0=0c1 4+5+1=0c1 0+0+1=1c0 = 100
42 + 62 =	2+2+0=4c0 4+6+0=0c1 0+0+1=1c0 = 104
42 + 66 =	2+6+0=8c0 4+6+0=0c1 0+0+1=1c0 = 108
42 + 70 =	2+0+0=2c0 4+7+0=1c1 0+0+1=1c0 = 112
42 + 74 =	2+4+0=6c0 4+7+0=1c1 0+0+1=1c0 = 116
42 + 78 =	2+8+0=0c1 4+7+1=2c1 0+0+1=1c0 = 120
42 + 82 =	2+2+0=4c0 4+8+0=2c1 0+0+1=1c0 = 124
42 + 86 =	2+6+0=8c0 4+8+0=2c1 0+0+1=1c0 = 128
42 + 90 =	2+0+0=2c0 4+9+0=3c1 0+0+1=1c0 = 132
42 + 94 =	2+4+0=6c0 4+9+0=3c1 0+0+1=1c0 = 136
42 + 98 =	2+8+0=0c1 4+9+1=4c1 0+0+1=1c0 = 140
46 + 10 =	6+0+0=6c0 4+1+0=5c0 = 56
46 + 14 =	6+4+0=0c1 4+1+1=6c0 = 60
46 + 18 =	6+8+0=4c1 4+1+1=6c0 = 64
46 + 22 =	6+2+0=8c0 4+2+0=6c0 = 68
46 + 26 =	6+6+0=2c1 4+2+1=7c0 = 72
46 + 30 =	6+0+0=6c0 4+3+0=7c0 = 76
46 + 34 =	6+4+0=0c1 4+3+1=8c0 = 80
46 + 38 =	6+8+0=4c1 4+3+1=8c0 = 84
46 + 42 =	6+2+0=8c0 4+4+0=8c0 = 88
46 + 46 =	6+6+0=2c1 4+4+1=9c0 = 92
46 + 50 =	6+0+0=6c0 4+5+0=9c0 = 96
46 + 54 =	6+4+0=0c1 4+5+1=0c1 0+0+1=1c0 = 100
46 + 58 =	6+8+0=4c1 4+5+1=0c1 0+0+1=1c0 = 104
46 + 62 =	6+2+0=8c0 4+6+0=0c1 0+0+1=1c0 = 108
46 + 66 =	6+6+0=2c1 4+6+1=1c1 0+0+1=1c0 = 112
46 + 70 =	6+0+0=6c0 4+7+0=1c1 0+0+1=1c0 = 116
46 + 74 =	6+4+0=0c1 4+7+1=2c1 0+0+1=1c0 = 120
46 + 78 =	6+8+0=4c1 4+7+1=2c1 0+0+1=1c0 = 124
46 + 82 =	6+2+0=8c0 4+8+0=2c1 0+0+1=1c0 = 128
46 + 86 =	6+6+0=2c1 4+8+1=3c1 0+0+1=1c0 = 132
46 + 90 =	6+0+0=6c0 4+9+0=3c1 0+0+1=1c0 = 136
46 + 94 =	6+4+0=0c1 4+9+1=4c1 0+0+1=1c0 = 140
46 + 98 =	6+8+0=4c1 4+9+1=4c1 0+0+1=1c0 = 144
50 + 10 =	0+0+0=0c0 5+1+0=6c0 = 60
50 + 14 =	0+4+0=4c0 5+1+0=6c0 = 64
50 + 18 =	0+8+0=8c0 5+1+0=6c0 = 68
50 + 22 =	0+2+0=2c0 5+2+0=7c0 = 72
50 + 26 =	0+6+0=6c0 5+2+0=7c0 = 76
50 + 30 =	0+0+0=0c0 5+3+0=8c0 = 80
50 + 34 =	0+4+0=4c0 5+3+0=8c0 = 84
50 + 38 =	0+8+0=8c0 5+3+0=8c0 = 88
50 + 42 =	0+2+0=2c0 5+4+0=9c0 = 92
50 + 46 =	0+6+0=6c0 5+4+0=9c0 = 96
50 + 50 =	0+0+0=0c0 5+5+0=0c1 0+0+1=1c0 = 100
50 + 54 =	0+4+0=4c0 5+5+0=0c1 0+0+1=1c0 = 104
50 + 58 =	0+8+0=8c0 5+5+0=0c1 0+0+1=1c0 = 108
50 + 62 =	0+2+0=2c0 5+6+0=1c1 0+0+1=1c0 = 112
50 + 66 =	0+6+0=6c0 5+6+0=1c1 0+0+1=1c0 = 116
50 + 70 =	0+0+0=0c0 5+7+0=2c1 0+0+1=1c0 = 120
50 + 74 =	0+4+0=4c0 5+7+0=2c1 0+0+1=1c0 = 124
50 + 78 =	0+8+0=8c0 5+7+0=2c1 0+0+1=1c0 = 128
50 + 82 =	0+2+0=2c0 5+8+0=3c1 0+0+1=1c0 = 132
50 + 86 =	0+6+0=6c0 5+8+0=3c1 0+0+1=1c0 = 136
50 + 90 =	0+0+0=0c0 5+9+0=4c1 0+0+1=1c0 = 140
50 + 94 =	0+4+0=4c0 5+9+0=4c1 0+0+1=1c0 = 144
50 + 98 =	0+8+0=8c0 5+9+0=4c1 0+0+1=1c0 = 148
54 + 10 =	4+0+0=4c0 5+1+0=6c0 = 64
54 + 14 =	4+4+0=8c0 5+1+0=6c0 = 68
54 + 18 =	4+8+0=2c1 5+1+1=7c0 = 72
54 + 22 =	4+2+0=6c0 5+2+0=7c0 = 76
54 + 26 =	4+6+0=0c1 5+2+1=8c0 = 80
54 + 30 =	4+0+0=4c0 5+3+0=8c0 = 84
54 + 34 =	4+4+0=8c0 5+3+0=8c0 = 88
54 + 38 =	4+8+0=2c1 5+3+1=9c0 = 92
54 + 42 =	4+2+0=6c0 5+4+0=9c0 = 96
54 + 46 =	4+6+0=0c1 5+4+1=0c1 0+0+1=1c0 = 100
54 + 50 =	4+0+0=4c0 5+5+0=0c1 0+0+1=1c0 = 104
54 + 54 =	4+4+0=8c0 5+5+0=0c1 0+0+1=1c0 = 108
54 + 58 =	4+8+0=2c1 5+5+1=1c1 0+0+1=1c0 = 112
54 + 62 =	4+2+0=6c0 5+6+0=1c1 0+0+1=1c0 = 116
54 + 66 =	4+6+0=0c1 5+6+1=2c1 0+0+1=1c0 = 120
54 + 70 =	4+0+0=4c0 5+7+0=2c1 0+0+1=1c0 = 124
54 + 74 =	4+4+0=8c0 5+7+0=2c1 0+0+1=1c0 = 128
54 + 78 =	4+8+0=2c1 5+7+1=3c1 0+0+1=1c0 = 132
54 + 82 =	4+2+0=6c0 5+8+0=3c1 0+0+1=1c0 = 136
54 + 86 =	4+6+0=0c1 5+8+1=4c1 0+0+1=1c0 = 140
54 + 90 =	4+0+0=4c0 5+9+0=4c1 0+0+1=1c0 = 144
54 + 94 =	4+4+0=8c0 5+9+0=4c1 0+0+1=1c0 = 148
54 + 98 =	4+8+0=2c1 5+9+1=5c1 0+0+1=1c0 = 152
58 + 10 =	8+0+0=8c0 5+1+0=6c0 = 68
58 + 14 =	8+4+0=2c1 5+1+1=7c0 = 72
58 + 18 =	8+8+0=6c1 5+1+1=7c0 = 76
58 + 22 =	8+2+0=0c1 5+2+1=8c0 = 80
58 + 26 =	8+6+0=4c1 5+2+1=8c0 = 84
58 + 30 =	8+0+0=8c0 5+3+0=8c0 = 88
58 + 34 =	8+4+0=2c1 5+3+1=9c0 = 92
58 + 38 =	8+8+0=6c1 5+3+1=9c0 = 96
58 + 42 =	8+2+0=0c1 5+4+1=0c1 0+0+1=1c0 = 100
58 + 46 =	8+6+0=4c1 5+4+1=0c1 0+0+1=1c0 = 104
58 + 50 =	8+0+0=8c0 5+5+0=0c1 0+0+1=1c0 = 108
58 + 54 =	8+4+0=2c1 5+5+1=1c1 0+0+1=1c0 = 112
58 + 58 =	8+8+0=6c1 5+5+1=1c1 0+0+1=1c0 = 116
58 + 62 =	8+2+0=0c1 5+6+1=2c1 0+0+1=1c0 = 120
58 + 66 =	8+6+0=4c1 5+6+1=2c1 0+0+1=1c0 = 124
58 + 70 =	8+0+0=8c0 5+7+0=2c1 0+0+1=1c0 = 128
58 + 74 =	8+4+0=2c1 5+7+1=3c1 0+0+1=1c0 = 132
58 + 78 =	8+8+0=6c1 5+7+1=3c1 0+0+1=1c0 = 136
58 + 82 =	8+2+0=0c1 5+8+1=4c1 0+0+1=1c0 = 140
58 + 86 =	8+6+0=4c1 5+8+1=4c1 0+0+1=1c0 = 144
58 + 90 =	8+0+0=8c0 5+9+0=4c1 0+0+1=1c0 = 148
58 + 94 =	8+4+0=2c1 5+9+1=5c1 0+0+1=1c0 = 152
58 + 98 =	8+8+0=6c1 5+9+1=5c1 0+0+1=1c0 = 156
62 + 10 =	2+0+0=2c0 6+1+0=7c0 = 72
62 + 14 =	2+4+0=6c0 6+1+0=7c0 = 76
62 + 18 =	2+8+0=0c1 6+1+1=8c0 = 80
62 + 22 =	2+2+0=4c0 6+2+0=8c0 = 84
62 + 26 =	2+6+0=8c0 6+2+0=8c0 = 88
62 + 30 =	2+0+0=2c0 6+3+0=9c0 = 92
62 + 34 =	2+4+0=6c0 6+3+0=9c0 = 96
62 + 38 =	2+8+0=0c1 6+3+1=0c1 0+0+1=1c0 = 100
62 + 42 =	2+2+0=4c0 6+4+0=0c1 0+0+1=1c0 = 104
62 + 46 =	2+6+0=8c0 6+4+0=0c1 0+0+1=1c0 = 108
62 + 50 =	2+0+0=2c0 6+5+0=1c1 0+0+1=1c0 = 112
62 + 54 =	2+4+0=6c0 6+5+0=1c1 0+0+1=1c0 = 116
62 + 58 =	2+8+0=0c1 6+5+1=2c1 0+0+1=1c0 = 120
62 + 62 =	2+2+0=4c0 6+6+0=2c1 0+0+1=1c0 = 124
62 + 66 =	2+6+0=8c0 6+6+0=2c1 0+0+1=1c0 = 128
62 + 70 =	2+0+0=2c0 6+7+0=3c1 0+0+1=1c0 = 132
62 + 74 =	2+4+0=6c0 6+7+0=3c1 0+0+1=1c0 = 136
62 + 78 =	2+8+0=0c1 6+7+1=4c1 0+0+1=1c0 = 140
62 + 82 =	2+2+0=4c0 6+8+0=4c1 0+0+1=1c0 = 144
62 + 86 =	2+6+0=8c0 6+8+0=4c1 0+0+1=1c0 = 148
62 + 90 =	2+0+0=2c0 6+9+0=5c1 0+0+1=1c0 = 152
62 + 94 =	2+4+0=6c0 6+9+0=5c1 0+0+1=1c0 = 156
62 + 98 =	2+8+0=0c1 6+9+1=6c1 0+0+1=1c0 = 160
66 + 10 =	6+0+0=6c0 6+1+0=7c0 = 76
66 + 14 =	6+4+0=0c1 6+1+1=8c0 = 80
66 + 18 =	6+8+0=4c1 6+1+1=8c0 = 84
66 + 22 =	6+2+0=8c0 6+2+0=8c0 = 88
66 + 26 =	6+6+0=2c1 6+2+1=9c0 = 92
66 + 30 =	6+0+0=6c0 6+3+0=9c0 = 96
66 + 34 =	6+4+0=0c1 6+3+1=0c1 0+0+1=1c0 = 100
66 + 38 =	6+8+0=4c1 6+3+1=0c1 0+0+1=1c0 = 104
66 + 42 =	6+2+0=8c0 6+4+0=0c1 0+0+1=1c0 = 108
66 + 46 =	6+6+0=2c1 6+4+1=1c1 0+0+1=1c0 = 112
66 + 50 =	6+0+0=6c0 6+5+0=1c1 0+0+1=1c0 = 116
66 + 54 =	6+4+0=0c1 6+5+1=2c1 0+0+1=1c0 = 120
66 + 58 =	6+8+0=4c1 6+5+1=2c1 0+0+1=1c0 = 124
66 + 62 =	6+2+0=8c0 6+6+0=2c1 0+0+1=1c0 = 128
66 + 66 =	6+6+0=2c1 6+6+1=3c1 0+0+1=1c0 = 132
66 + 70 =	6+0+0=6c0 6+7+0=3c1 0+0+1=1c0 = 136
66 + 74 =	6+4+0=0c1 6+7+1=4c1 0+0+1=1c0 = 140
66 + 78 =	6+8+0=4c1 6+7+1=4c1 0+0+1=1c0 = 144
66 + 82 =	6+2+0=8c0 6+8+0=4c1 0+0+1=1c0 = 148
66 + 86 =	6+6+0=2c1 6+8+1=5c1 0+0+1=1c0 = 152
66 + 90 =	6+0+0=6c0 6+9+0=5c1 0+0+1=1c0 = 156
66 + 94 =	6+4+0=0c1 6+9+1=6c1 0+0+1=1c0 = 160
66 + 98 =	6+8+0=4c1 6+9+1=6c1 0+0+1=1c0 = 164
70 + 10 =	0+0+0=0c0 7+1+0=8c0 = 80
70 + 14 =	0+4+0=4c0 7+1+0=8c0 = 84
70 + 18 =	0+8+0=8c0 7+1+0=8c0 = 88
70 + 22 =	0+2+0=2c0 7+2+0=9c0 = 92
70 + 26 =	0+6+0=6c0 7+2+0=9c0 = 96
70 + 30 =	0+0+0=0c0 7+3+0=0c1 0+0+1=1c0 = 100
70 + 34 =	0+4+0=4c0 7+3+0=0c1 0+0+1=1c0 = 104
70 + 38 =	0+8+0=8c0 7+3+0=0c1 0+0+1=1c0 = 108
70 + 42 =	0+2+0=2c0 7+4+0=1c1 0+0+1=1c0 = 112
70 + 46 =	0+6+0=6c0 7+4+0=1c1 0+0+1=1c0 = 116
70 + 50 =	0+0+0=0c0 7+5+0=2c1 0+0+1=1c0 = 120
70 + 54 =	0+4+0=4c0 7+5+0=2c1 0+0+1=1c0 = 124
70 + 58 =	0+8+0=8c0 7+5+0=2c1 0+0+1=1c0 = 128
70 + 62 =	0+2+0=2c0 7+6+0=3c1 0+0+1=1c0 = 132
70 + 66 =	0+6+0=6c0 7+6+0=3c1 0+0+1=1c0 = 136
70 + 70 =	0+0+0=0c0 7+7+0=4c1 0+0+1=1c0 = 140
70 + 74 =	0+4+0=4c0 7+7+0=4c1 0+0+1=1c0 = 144
70 + 78 =	0+8+0=8c0 7+7+0=4c1 0+0+1=1c0 = 148
70 + 82 =	0+2+0=2c0 7+8+0=5c1 0+0+1=1c0 = 152
70 + 86 =	0+6+0=6c0 7+8+0=5c1 0+0+1=1c0 = 156
70 + 90 =	0+0+0=0c0 7+9+0=6c1 0+0+1=1c0 = 160
70 + 94 =	0+4+0=4c0 7+9+0=6c1 0+0+1=1c0 = 164
70 + 98 =	0+8+0=8c0 7+9+0=6c1 0+0+1=1c0 = 168
74 + 10 =	4+0+0=4c0 7+1+0=8c0 = 84
74 + 14 =	4+4+0=8c0 7+1+0=8c0 = 88
74 + 18 =	4+8+0=2c1 7+1+1=9c0 = 92
74 + 22 =	4+2+0=6c0 7+2+0=9c0 = 96
74 + 26 =	4+6+0=0c1 7+2+1=0c1 0+0+1=1c0 = 100
74 + 30 =	4+0+0=4c0 7+3+0=0c1 0+0+1=1c0 = 104
74 + 34 =	4+4+0=8c0 7+3+0=0c1 0+0+1=1c0 = 108
74 + 38 =	4+8+0=2c1 7+3+1=1c1 0+0+1=1c0 = 112
74 + 42 =	4+2+0=6c0 7+4+0=1c1 0+0+1=1c0 = 116
74 + 46 =	4+6+0=0c1 7+4+1=2c1 0+0+1=1c0 = 120
74 + 50 =	4+0+0=4c0 7+5+0=2c1 0+0+1=1c0 = 124
74 + 54 =	4+4+0=8c0 7+5+0=2c1 0+0+1=1c0 = 128
74 + 58 =	4+8+0=2c1 7+5+1=3c1 0+0+1=1c0 = 132
74 + 62 =	4+2+0=6c0 7+6+0=3c1 0+0+1=1c0 = 136
74 + 66 =	4+6+0=0c1 7+6+1=4c1 0+0+1=1c0 = 140
74 + 70 =	4+0+0=4c0 7+7+0=4c1 0+0+1=1c0 = 144
74 + 74 =	4+4+0=8c0 7+7+0=4c1 0+0+1=1c0 = 148
74 + 78 =	4+8+0=2c1 7+7+1=5c1 0+0+1=1c0 = 152
74 + 82 =	4+2+0=6c0 7+8+0=5c1 0+0+1=1c0 = 156
74 + 86 =	4+6+0=0c1 7+8+1=6c1 0+0+1=1c0 = 160
74 + 90 =	4+0+0=4c0 7+9+0=6c1 0+0+1=1c0 = 164
74 + 94 =	4+4+0=8c0 7+9+0=6c1 0+0+1=1c0 = 168
74 + 98 =	4+8+0=2c1 7+9+1=7c1 0+0+1=1c0 = 172
78 + 10 =	8+0+0=8c0 7+1+0=8c0 = 88
78 + 14 =	8+4+0=2c1 7+1+1=9c0 = 92
78 + 18 =	8+8+0=6c1 7+1+1=9c0 = 96
78 + 22 =	8+2+0=0c1 7+2+1=0c1 0+0+1=1c0 = 100
78 + 26 =	8+6+0=4c1 7+2+1=0c1 0+0+1=1c0 = 104
78 + 30 =	8+0+0=8c0 7+3+0=0c1 0+0+1=1c0 = 108
78 + 34 =	8+4+0=2c1 7+3+1=1c1 0+0+1=1c0 = 112
78 + 38 =	8+8+0=6c1 7+3+1=1c1 0+0+1=1c0 = 116
78 + 42 =	8+2+0=0c1 7+4+1=2c1 0+0+1=1c0 = 120
78 + 46 =	8+6+0=4c1 7+4+1=2c1 0+0+1=1c0 = 124
78 + 50 =	8+0+0=8c0 7+5+0=2c1 0+0+1=1c0 = 128
78 + 54 =	8+4+0=2c1 7+5+1=3c1 0+0+1=1c0 = 132
78 + 58 =	8+8+0=6c1 7+5+1=3c1 0+0+1=1c0 = 136
78 + 62 =	8+2+0=0c1 7+6+1=4c1 0+0+1=1c0 = 140
78 + 66 =	8+6+0=4c1 7+6+1=4c1 0+0+1=1c0 = 144
78 + 70 =	8+0+0=8c0 7+7+0=4c1 0+0+1=1c0 = 148
78 + 74 =	8+4+0=2c1 7+7+1=5c1 0+0+1=1c0 = 152
78 + 78 =	8+8+0=6c1 7+7+1=5c1 0+0+1=1c0 = 156
78 + 82 =	8+2+0=0c1 7+8+1=6c1 0+0+1=1c0 = 160
78 + 86 =	8+6+0=4c1 7+8+1=6c1 0+0+1=1c0 = 164
78 + 90 =	8+0+0=8c0 7+9+0=6c1 0+0+1=1c0 = 168
78 + 94 =	8+4+0=2c1 7+9+1=7c1 0+0+1=1c0 = 172
78 + 98 =	8+8+0=6c1 7+9+1=7c1 0+0+1=1c0 = 176
82 + 10 =	2+0+0=2c0 8+1+0=9c0 = 92
82 + 14 =	2+4+0=6c0 8+1+0=9c0 = 96
82 + 18 =	2+8+0=0c1 8+1+1=0c1 0+0+1=1c0 = 100
82 + 22 =	2+2+0=4c0 8+2+0=0c1 0+0+1=1c0 = 104
82 + 26 =	2+6+0=8c0 8+2+0=0c1 0+0+1=1c0 = 108
82 + 30 =	2+0+0=2c0 8+3+0=1c1 0+0+1=1c0 = 112
82 + 34 =	2+4+0=6c0 8+3+0=1c1 0+0+1=1c0 = 116
82 + 38 =	2+8+0=0c1 8+3+1=2c1 0+0+1=1c0 = 120
82 + 42 =	2+2+0=4c0 8+4+0=2c1 0+0+1=1c0 = 124
82 + 46 =	2+6+0=8c0 8+4+0=2c1 0+0+1=1c0 = 128
82 + 50 =	2+0+0=2c0 8+5+0=3c1 0+0+1=1c0 = 132
82 + 54 =	2+4+0=6c0 8+5+0=3c1 0+0+1=1c0 = 136
82 + 58 =	2+8+0=0c1 8+5+1=4c1 0+0+1=1c0 = 140
82 + 62 =	2+2+0=4c0 8+6+0=4c1 0+0+1=1c0 = 144
82 + 66 =	2+6+0=8c0 8+6+0=4c1 0+0+1=1c0 = 148
82 + 70 =	2+0+0=2c0 8+7+0=5c1 0+0+1=1c0 = 152
82 + 74 =	2+4+0=6c0 8+7+0=5c1 0+0+1=1c0 = 156
82 + 78 =	2+8+0=0c1 8+7+1=6c1 0+0+1=1c0 = 160
82 + 82 =	2+2+0=4c0 8+8+0=6c1 0+0+1=1c0 = 164
82 + 86 =	2+6+0=8c0 8+8+0=6c1 0+0+1=1c0 = 168
82 + 90 =	2+0+0=2c0 8+9+0=7c1 0+0+1=1c0 = 172
82 + 94 =	2+4+0=6c0 8+9+0=7c1 0+0+1=1c0 = 176
82 + 98 =	2+8+0=0c1 8+9+1=8c1 0+0+1=1c0 = 180
86 + 10 =	6+0+0=6c0 8+1+0=9c0 = 96
86 + 14 =	6+4+0=0c1 8+1+1=0c1 0+0+1=1c0 = 100
86 + 18 =	6+8+0=4c1 8+1+1=0c1 0+0+1=1c0 = 104
86 + 22 =	6+2+0=8c0 8+2+0=0c1 0+0+1=1c0 = 108
86 + 26 =	6+6+0=2c1 8+2+1=1c1 0+0+1=1c0 = 112
86 + 30 =	6+0+0=6c0 8+3+0=1c1 0+0+1=1c0 = 116
86 + 34 =	6+4+0=0c1 8+3+1=2c1 0+0+1=1c0 = 120
86 + 38 =	6+8+0=4c1 8+3+1=2c1 0+0+1=1c0 = 124
86 + 42 =	6+2+0=8c0 8+4+0=2c1 0+0+1=1c0 = 128
86 + 46 =	6+6+0=2c1 8+4+1=3c1 0+0+1=1c0 = 132
86 + 50 =	6+0+0=6c0 8+5+0=3c1 0+0+1=1c0 = 136
86 + 54 =	6+4+0=0c1 8+5+1=4c1 0+0+1=1c0 = 140
86 + 58 =	6+8+0=4c1 8+5+1=4c1 0+0+1=1c0 = 144
86 + 62 =	6+2+0=8c0 8+6+0=4c1 0+0+1=1c0 = 148
86 + 66 =	6+6+0=2c1 8+6+1=5c1 0+0+1=1c0 = 152
86 + 70 =	6+0+0=6c0 8+7+0=5c1 0+0+1=1c0 = 156
86 + 74 =	6+4+0=0c1 8+7+1=6c1 0+0+1=1c0 = 160
86 + 78 =	6+8+0=4c1 8+7+1=6c1 0+0+1=1c0 = 164
86 + 82 =	6+2+0=8c0 8+8+0=6c1 0+0+1=1c0 = 168
86 + 86 =	6+6+0=2c1 8+8+1=7c1 0+0+1=1c0 = 172
86 + 90 =	6+0+0=6c0 8+9+0=7c1 0+0+1=1c0 = 176
86 + 94 =	6+4+0=0c1 8+9+1=8c1 0+0+1=1c0 = 180
86 + 98 =	6+8+0=4c1 8+9+1=8c1 0+0+1=1c0 = 184
90 + 10 =	0+0+0=0c0 9+1+0=0c1 0+0+1=1c0 = 100
90 + 14 =	0+4+0=4c0 9+1+0=0c1 0+0+1=1c0 = 104
90 + 18 =	0+8+0=8c0 9+1+0=0c1 0+0+1=1c0 = 108
90 + 22 =	0+2+0=2c0 9+2+0=1c1 0+0+1=1c0 = 112
90 + 26 =	0+6+0=6c0 9+2+0=1c1 0+0+1=1c0 = 116
90 + 30 =	0+0+0=0c0 9+3+0=2c1 0+0+1=1c0 = 120
90 + 34 =	0+4+0=4c0 9+3+0=2c1 0+0+1=1c0 = 124
90 + 38 =	0+8+0=8c0 9+3+0=2c1 0+0+1=1c0 = 128
90 + 42 =	0+2+0=2c0 9+4+0=3c1 0+0+1=1c0 = 132
90 + 46 =	0+6+0=6c0 9+4+0=3c1 0+0+1=1c0 = 136
90 + 50 =	0+0+0=0c0 9+5+0=4c1 0+0+1=1c0 = 140
90 + 54 =	0+4+0=4c0 9+5+0=4c1 0+0+1=1c0 = 144
90 + 58 =	0+8+0=8c0 9+5+0=4c1 0+0+1=1c0 = 148
90 + 62 =	0+2+0=2c0 9+6+0=5c1 0+0+1=1c0 = 152
90 + 66 =	0+6+0=6c0 9+6+0=5c1 0+0+1=1c0 = 156
90 + 70 =	0+0+0=0c0 9+7+0=6c1 0+0+1=1c0 = 160
90 + 74 =	0+4+0=4c0 9+7+0=6c1 0+0+1=1c0 = 164
90 + 78 =	0+8+0=8c0 9+7+0=6c1 0+0+1=1c0 = 168
90 + 82 =	0+2+0=2c0 9+8+0=7c1 0+0+1=1c0 = 172
90 + 86 =	0+6+0=6c0 9+8+0=7c1 0+0+1=1c0 = 176
90 + 90 =	0+0+0=0c0 9+9+0=8c1 0+0+1=1c0 = 180
90 + 94 =	0+4+0=4c0 9+9+0=8c1 0+0+1=1c0 = 184
90 + 98 =	0+8+0=8c0 9+9+0=8c1 0+0+1=1c0 = 188
94 + 10 =	4+0+0=4c0 9+1+0=0c1 0+0+1=1c0 = 104
94 + 14 =	4+4+0=8c0 9+1+0=0c1 0+0+1=1c0 = 108
94 + 18 =	4+8+0=2c1 9+1+1=1c1 0+0+1=1c0 = 112
94 + 22 =	4+2+0=6c0 9+2+0=1c1 0+0+1=1c0 = 116
94 + 26 =	4+6+0=0c1 9+2+1=2c1 0+0+1=1c0 = 120
94 + 30 =	4+0+0=4c0 9+3+0=2c1 0+0+1=1c0 = 124
94 + 34 =	4+4+0=8c0 9+3+0=2c1 0+0+1=1c0 = 128
94 + 38 =	4+8+0=2c1 9+3+1=3c1 0+0+1=1c0 = 132
94 + 42 =	4+2+0=6c0 9+4+0=3c1 0+0+1=1c0 = 136
94 + 46 =	4+6+0=0c1 9+4+1=4c1 0+0+1=1c0 = 140
94 + 50 =	4+0+0=4c0 9+5+0=4c1 0+0+1=1c0 = 144
94 + 54 =	4+4+0=8c0 9+5+0=4c1 0+0+1=1c0 = 148
94 + 58 =	4+8+0=2c1 9+5+1=5c1 0+0+1=1c0 = 152
94 + 62 =	4+2+0=6c0 9+6+0=5c1 0+0+1=1c0 = 156
94 + 66 =	4+6+0=0c1 9+6+1=6c1 0+0+1=1c0 = 160
94 + 70 =	4+0+0=4c0 9+7+0=6c1 0+0+1=1c0 = 164
94 + 74 =	4+4+0=8c0 9+7+0=6c1 0+0+1=1c0 = 168
94 + 78 =	4+8+0=2c1 9+7+1=7c1 0+0+1=1c0 = 172
94 + 82 =	4+2+0=6c0 9+8+0=7c1 0+0+1=1c0 = 176
94 + 86 =	4+6+0=0c1 9+8+1=8c1 0+0+1=1c0 = 180
94 + 90 =	4+0+0=4c0 9+9+0=8c1 0+0+1=1c0 = 184
94 + 94 =	4+4+0=8c0 9+9+0=8c1 0+0+1=1c0 = 188
94 + 98 =	4+8+0=2c1 9+9+1=9c1 0+0+1=1c0 = 192
98 + 10 =	8+0+0=8c0 9+1+0=0c1 0+0+1=1c0 = 108
98 + 14 =	8+4+0=2c1 9+1+1=1c1 0+0+1=1c0 = 112
98 + 18 =	8+8+0=6c1 9+1+1=1c1 0+0+1=1c0 = 116
98 + 22 =	8+2+0=0c1 9+2+1=2c1 0+0+1=1c0 = 120
98 + 26 =	8+6+0=4c1 9+2+1=2c1 0+0+1=1c0 = 124
98 + 30 =	8+0+0=8c0 9+3+0=2c1 0+0+1=1c0 = 128
98 + 34 =	8+4+0=2c1 9+3+1=3c1 0+0+1=1c0 = 132
98 + 38 =	8+8+0=6c1 9+3+1=3c1 0+0+1=1c0 = 136
98 + 42 =	8+2+0=0c1 9+4+1=4c1 0+0+1=1c0 = 140
98 + 46 =	8+6+0=4c1 9+4+1=4c1 0+0+1=1c0 = 144
98 + 50 =	8+0+0=8c0 9+5+0=4c1 0+0+1=1c0 = 148
98 + 54 =	8+4+0=2c1 9+5+1=5c1 0+0+1=1c0 = 152
98 + 58 =	8+8+0=6c1 9+5+1=5c1 0+0+1=1c0 = 156
98 + 62 =	8+2+0=0c1 9+6+1=6c1 0+0+1=1c0 = 160
98 + 66 =	8+6+0=4c1 9+6+1=6c1 0+0+1=1c0 = 164
98 + 70 =	8+0+0=8c0 9+7+0=6c1 0+0+1=1c0 = 168
98 + 74 =	8+4+0=2c1 9+7+1=7c1 0+0+1=1c0 = 172
98 + 78 =	8+8+0=6c1 9+7+1=7c1 0+0+1=1c0 = 176
98 + 82 =	8+2+0=0c1 9+8+1=8c1 0+0+1=1c0 = 180
98 + 86 =	8+6+0=4c1 9+8+1=8c1 0+0+1=1c0 = 184
98 + 90 =	8+0+0=8c0 9+9+0=8c1 0+0+1=1c0 = 188
98 + 94 =	8+4+0=2c1 9+9+1=9c1 0+0+1=1c0 = 192
98 + 98 =	8+8+0=6c1 9+9+1=9c1 0+0+1=1c0 = 196
10 + 0 =	0+0+0=0c0 1+0+0=1c0 = 10
10 + 1 =	0+1+0=1c0 1+0+0=1c0 = 11
10 + 2 =	0+2+0=2c0 1+0+0=1c0 = 12
10 + 3 =	0+3+0=3c0 1+0+0=1c0 = 13
10 + 4 =	0+4+0=4c0 1+0+0=1c0 = 14
10 + 5 =	0+5+0=5c0 1+0+0=1c0 = 15
10 + 6 =	0+6+0=6c0 1+0+0=1c0 = 16
10 + 7 =	0+7+0=7c0 1+0+0=1c0 = 17
10 + 8 =	0+8+0=8c0 1+0+0=1c0 = 18
10 + 9 =	0+9+0=9c0 1+0+0=1c0 = 19
13 + 0 =	3+0+0=3c0 1+0+0=1c0 = 13
13 + 1 =	3+1+0=4c0 1+0+0=1c0 = 14
13 + 2 =	3+2+0=5c0 1+0+0=1c0 = 15
13 + 3 =	3+3+0=6c0 1+0+0=1c0 = 16
13 + 4 =	3+4+0=7c0 1+0+0=1c0 = 17
13 + 5 =	3+5+0=8c0 1+0+0=1c0 = 18
13 + 6 =	3+6+0=9c0 1+0+0=1c0 = 19
13 + 7 =	3+7+0=0c1 1+0+1=2c0 = 20
13 + 8 =	3+8+0=1c1 1+0+1=2c0 = 21
13 + 9 =	3+9+0=2c1 1+0+1=2c0 = 22
16 + 0 =	6+0+0=6c0 1+0+0=1c0 = 16
16 + 1 =	6+1+0=7c0 1+0+0=1c0 = 17
16 + 2 =	6+2+0=8c0 1+0+0=1c0 = 18
16 + 3 =	6+3+0=9c0 1+0+0=1c0 = 19
16 + 4 =	6+4+0=0c1 1+0+1=2c0 = 20
16 + 5 =	6+5+0=1c1 1+0+1=2c0 = 21
16 + 6 =	6+6+0=2c1 1+0+1=2c0 = 22
16 + 7 =	6+7+0=3c1 1+0+1=2c0 = 23
16 + 8 =	6+8+0=4c1 1+0+1=2c0 = 24
16 + 9 =	6+9+0=5c1 1+0+1=2c0 = 25
19 + 0 =	9+0+0=9c0 1+0+0=1c0 = 19
19 + 1 =	9+1+0=0c1 1+0+1=2c0 = 20
19 + 2 =	9+2+0=1c1 1+0+1=2c0 = 21
19 + 3 =	9+3+0=2c1 1+0+1=2c0 = 22
19 + 4 =	9+4+0=3c1 1+0+1=2c0 = 23
19 + 5 =	9+5+0=4c1 1+0+1=2c0 = 24
19 + 6 =	9+6+0=5c1 1+0+1=2c0 = 25
19 + 7 =	9+7+0=6c1 1+0+1=2c0 = 26
19 + 8 =	9+8+0=7c1 1+0+1=2c0 = 27
19 + 9 =	9+9+0=8c1 1+0+1=2c0 = 28
22 + 0 =	2+0+0=2c0 2+0+0=2c0 = 22
22 + 1 =	2+1+0=3c0 2+0+0=2c0 = 23
22 + 2 =	2+2+0=4c0 2+0+0=2c0 = 24
22 + 3 =	2+3+0=5c0 2+0+0=2c0 = 25
22 + 4 =	2+4+0=6c0 2+0+0=2c0 = 26
22 + 5 =	2+5+0=7c0 2+0+0=2c0 = 27
22 + 6 =	2+6+0=8c0 2+0+0=2c0 = 28
22 + 7 =	2+7+0=9c0 2+0+0=2c0 = 29
22 + 8 =	2+8+0=0c1 2+0+1=3c0 = 30
22 + 9 =	2+9+0=1c1 2+0+1=3c0 = 31
25 + 0 =	5+0+0=5c0 2+0+0=2c0 = 25
25 + 1 =	5+1+0=6c0 2+0+0=2c0 = 26
25 + 2 =	5+2+0=7c0 2+0+0=2c0 = 27
25 + 3 =	5+3+0=8c0 2+0+0=2c0 = 28
25 + 4 =	5+4+0=9c0 2+0+0=2c0 = 29
25 + 5 =	5+5+0=0c1 2+0+1=3c0 = 30
25 + 6 =	5+6+0=1c1 2+0+1=3c0 = 31
25 + 7 =	5+7+0=2c1 2+0+1=3c0 = 32
25 + 8 =	5+8+0=3c1 2+0+1=3c0 = 33
25 + 9 =	5+9+0=4c1 2+0+1=3c0 = 34
28 + 0 =	8+0+0=8c0 2+0+0=2c0 = 28
28 + 1 =	8+1+0=9c0 2+0+0=2c0 = 29
28 + 2 =	8+2+0=0c1 2+0+1=3c0 = 30
28 + 3 =	8+3+0=1c1 2+0+1=3c0 = 31
28 + 4 =	8+4+0=2c1 2+0+1=3c0 = 32
28 + 5 =	8+5+0=3c1 2+0+1=3c0 = 33
28 + 6 =	8+6+0=4c1 2+0+1=3c0 = 34
28 + 7 =	8+7+0=5c1 2+0+1=3c0 = 35
28 + 8 =	8+8+0=6c1 2+0+1=3c0 = 36
28 + 9 =	8+9+0=7c1 2+0+1=3c0 = 37
31 + 0 =	1+0+0=1c0 3+0+0=3c0 = 31
31 + 1 =	1+1+0=2c0 3+0+0=3c0 = 32
31 + 2 =	1+2+0=3c0 3+0+0=3c0 = 33
31 + 3 =	1+3+0=4c0 3+0+0=3c0 = 34
31 + 4 =	1+4+0=5c0 3+0+0=3c0 = 35
31 + 5 =	1+5+0=6c0 3+0+0=3c0 = 36
31 + 6 =	1+6+0=7c0 3+0+0=3c0 = 37
31 + 7 =	1+7+0=8c0 3+0+0=3c0 = 38
31 + 8 =	1+8+0=9c0 3+0+0=3c0 = 39
31 + 9 =	1+9+0=0c1 3+0+1=4c0 = 40
34 + 0 =	4+0+0=4c0 3+0+0=3c0 = 34
34 + 1 =	4+1+0=5c0 3+0+0=3c0 = 35
34 + 2 =	4+2+0=6c0 3+0+0=3c0 = 36
34 + 3 =	4+3+0=7c0 3+0+0=3c0 = 37
34 + 4 =	4+4+0=8c0 3+0+0=3c0 = 38
34 + 5 =	4+5+0=9c0 3+0+0=3c0 = 39
34 + 6 =	4+6+0=0c1 3+0+1=4c0 = 40
34 + 7 =	4+7+0=1c1 3+0+1=4c0 = 41
34 + 8 =	4+8+0=2c1 3+0+1=4c0 = 42
34 + 9 =	4+9+0=3c1 3+0+1=4c0 = 43
37 + 0 =	7+0+0=7c0 3+0+0=3c0 = 37
37 + 1 =	7+1+0=8c0 3+0+0=3c0 = 38
37 + 2 =	7+2+0=9c0 3+0+0=3c0 = 39
37 + 3 =	7+3+0=0c1 3+0+1=4c0 = 40
37 + 4 =	7+4+0=1c1 3+0+1=4c0 = 41
37 + 5 =	7+5+0=2c1 3+0+1=4c0 = 42
37 + 6 =	7+6+0=3c1 3+0+1=4c0 = 43
37 + 7 =	7+7+0=4c1 3+0+1=4c0 = 44
37 + 8 =	7+8+0=5c1 3+0+1=4c0 = 45
37 + 9 =	7+9+0=6c1 3+0+1=4c0 = 46
40 + 0 =	0+0+0=0c0 4+0+0=4c0 = 40
40 + 1 =	0+1+0=1c0 4+0+0=4c0 = 41
40 + 2 =	0+2+0=2c0 4+0+0=4c0 = 42
40 + 3 =	0+3+0=3c0 4+0+0=4c0 = 43
40 + 4 =	0+4+0=4c0 4+0+0=4c0 = 44
40 + 5 =	0+5+0=5c0 4+0+0=4c0 = 45
40 + 6 =	0+6+0=6c0 4+0+0=4c0 = 46
40 + 7 =	0+7+0=7c0 4+0+0=4c0 = 47
40 + 8 =	0+8+0=8c0 4+0+0=4c0 = 48
40 + 9 =	0+9+0=9c0 4+0+0=4c0 = 49
43 + 0 =	3+0+0=3c0 4+0+0=4c0 = 43
43 + 1 =	3+1+0=4c0 4+0+0=4c0 = 44
43 + 2 =	3+2+0=5c0 4+0+0=4c0 = 45
43 + 3 =	3+3+0=6c0 4+0+0=4c0 = 46
43 + 4 =	3+4+0=7c0 4+0+0=4c0 = 47
43 + 5 =	3+5+0=8c0 4+0+0=4c0 = 48
43 + 6 =	3+6+0=9c0 4+0+0=4c0 = 49
43 + 7 =	3+7+0=0c1 4+0+1=5c0 = 50
43 + 8 =	3+8+0=1c1 4+0+1=5c0 = 51
43 + 9 =	3+9+0=2c1 4+0+1=5c0 = 52
46 + 0 =	6+0+0=6c0 4+0+0=4c0 = 46
46 + 1 =	6+1+0=7c0 4+0+0=4c0 = 47
46 + 2 =	6+2+0=8c0 4+0+0=4c0 = 48
46 + 3 =	6+3+0=9c0 4+0+0=4c0 = 49
46 + 4 =	6+4+0=0c1 4+0+1=5c0 = 50
46 + 5 =	6+5+0=1c1 4+0+1=5c0 = 51
46 + 6 =	6+6+0=2c1 4+0+1=5c0 = 52
46 + 7 =	6+7+0=3c1 4+0+1=5c0 = 53
46 + 8 =	6+8+0=4c1 4+0+1=5c0 = 54
46 + 9 =	6+9+0=5c1 4+0+1=5c0 = 55
49 + 0 =	9+0+0=9c0 4+0+0=4c0 = 49
49 + 1 =	9+1+0=0c1 4+0+1=5c0 = 50
49 + 2 =	9+2+0=1c1 4+0+1=5c0 = 51
49 + 3 =	9+3+0=2c1 4+0+1=5c0 = 52
49 + 4 =	9+4+0=3c1 4+0+1=5c0 = 53
49 + 5 =	9+5+0=4c1 4+0+1=5c0 = 54
49 + 6 =	9+6+0=5c1 4+0+1=5c0 = 55
49 + 7 =	9+7+0=6c1 4+0+1=5c0 = 56
49 + 8 =	9+8+0=7c1 4+0+1=5c0 = 57
49 + 9 =	9+9+0=8c1 4+0+1=5c0 = 58
52 + 0 =	2+0+0=2c0 5+0+0=5c0 = 52
52 + 1 =	2+1+0=3c0 5+0+0=5c0 = 53
52 + 2 =	2+2+0=4c0 5+0+0=5c0 = 54
52 + 3 =	2+3+0=5c0 5+0+0=5c0 = 55
52 + 4 =	2+4+0=6c0 5+0+0=5c0 = 56
52 + 5 =	2+5+0=7c0 5+0+0=5c0 = 57
52 + 6 =	2+6+0=8c0 5+0+0=5c0 = 58
52 + 7 =	2+7+0=9c0 5+0+0=5c0 = 59
52 + 8 =	2+8+0=0c1 5+0+1=6c0 = 60
52 + 9 =	2+9+0=1c1 5+0+1=6c0 = 61
55 + 0 =	5+0+0=5c0 5+0+0=5c0 = 55
55 + 1 =	5+1+0=6c0 5+0+0=5c0 = 56
55 + 2 =	5+2+0=7c0 5+0+0=5c0 = 57
55 + 3 =	5+3+0=8c0 5+0+0=5c0 = 58
55 + 4 =	5+4+0=9c0 5+0+0=5c0 = 59
55 + 5 =	5+5+0=0c1 5+0+1=6c0 = 60
55 + 6 =	5+6+0=1c1 5+0+1=6c0 = 61
55 + 7 =	5+7+0=2c1 5+0+1=6c0 = 62
55 + 8 =	5+8+0=3c1 5+0+1=6c0 = 63
55 + 9 =	5+9+0=4c1 5+0+1=6c0 = 64
58 + 0 =	8+0+0=8c0 5+0+0=5c0 = 58
58 + 1 =	8+1+0=9c0 5+0+0=5c0 = 59
58 + 2 =	8+2+0=0c1 5+0+1=6c0 = 60
58 + 3 =	8+3+0=1c1 5+0+1=6c0 = 61
58 + 4 =	8+4+0=2c1 5+0+1=6c0 = 62
58 + 5 =	8+5+0=3c1 5+0+1=6c0 = 63
58 + 6 =	8+6+0=4c1 5+0+1=6c0 = 64
58 + 7 =	8+7+0=5c1 5+0+1=6c0 = 65
58 + 8 =	8+8+0=6c1 5+0+1=6c0 = 66
58 + 9 =	8+9+0=7c1 5+0+1=6c0 = 67
61 + 0 =	1+0+0=1c0 6+0+0=6c0 = 61
61 + 1 =	1+1+0=2c0 6+0+0=6c0 = 62
61 + 2 =	1+2+0=3c0 6+0+0=6c0 = 63
61 + 3 =	1+3+0=4c0 6+0+0=6c0 = 64
61 + 4 =	1+4+0=5c0 6+0+0=6c0 = 65
61 + 5 =	1+5+0=6c0 6+0+0=6c0 = 66
61 + 6 =	1+6+0=7c0 6+0+0=6c0 = 67
61 + 7 =	1+7+0=8c0 6+0+0=6c0 = 68
61 + 8 =	1+8+0=9c0 6+0+0=6c0 = 69
61 + 9 =	1+9+0=0c1 6+0+1=7c0 = 70
64 + 0 =	4+0+0=4c0 6+0+0=6c0 = 64
64 + 1 =	4+1+0=5c0 6+0+0=6c0 = 65
64 + 2 =	4+2+0=6c0 6+0+0=6c0 = 66
64 + 3 =	4+3+0=7c0 6+0+0=6c0 = 67
64 + 4 =	4+4+0=8c0 6+0+0=6c0 = 68
64 + 5 =	4+5+0=9c0 6+0+0=6c0 = 69
64 + 6 =	4+6+0=0c1 6+0+1=7c0 = 70
64 + 7 =	4+7+0=1c1 6+0+1=7c0 = 71
64 + 8 =	4+8+0=2c1 6+0+1=7c0 = 72
64 + 9 =	4+9+0=3c1 6+0+1=7c0 = 73
67 + 0 =	7+0+0=7c0 6+0+0=6c0 = 67
67 + 1 =	7+1+0=8c0 6+0+0=6c0 = 68
67 + 2 =	7+2+0=9c0 6+0+0=6c0 = 69
67 + 3 =	7+3+0=0c1 6+0+1=7c0 = 70
67 + 4 =	7+4+0=1c1 6+0+1=7c0 = 71
67 + 5 =	7+5+0=2c1 6+0+1=7c0 = 72
67 + 6 =	7+6+0=3c1 6+0+1=7c0 = 73
67 + 7 =	7+7+0=4c1 6+0+1=7c0 = 74
67 + 8 =	7+8+0=5c1 6+0+1=7c0 = 75
67 + 9 =	7+9+0=6c1 6+0+1=7c0 = 76
70 + 0 =	0+0+0=0c0 7+0+0=7c0 = 70
70 + 1 =	0+1+0=1c0 7+0+0=7c0 = 71
70 + 2 =	0+2+0=2c0 7+0+0=7c0 = 72
70 + 3 =	0+3+0=3c0 7+0+0=7c0 = 73
70 + 4 =	0+4+0=4c0 7+0+0=7c0 = 74
70 + 5 =	0+5+0=5c0 7+0+0=7c0 = 75
70 + 6 =	0+6+0=6c0 7+0+0=7c0 = 76
70 + 7 =	0+7+0=7c0 7+0+0=7c0 = 77
70 + 8 =	0+8+0=8c0 7+0+0=7c0 = 78
70 + 9 =	0+9+0=9c0 7+0+0=7c0 = 79
73 + 0 =	3+0+0=3c0 7+0+0=7c0 = 73
73 + 1 =	3+1+0=4c0 7+0+0=7c0 = 74
73 + 2 =	3+2+0=5c0 7+0+0=7c0 = 75
73 + 3 =	3+3+0=6c0 7+0+0=7c0 = 76
73 + 4 =	3+4+0=7c0 7+0+0=7c0 = 77
73 + 5 =	3+5+0=8c0 7+0+0=7c0 = 78
73 + 6 =	3+6+0=9c0 7+0+0=7c0 = 79
73 + 7 =	3+7+0=0c1 7+0+1=8c0 = 80
73 + 8 =	3+8+0=1c1 7+0+1=8c0 = 81
73 + 9 =	3+9+0=2c1 7+0+1=8c0 = 82
76 + 0 =	6+0+0=6c0 7+0+0=7c0 = 76
76 + 1 =	6+1+0=7c0 7+0+0=7c0 = 77
76 + 2 =	6+2+0=8c0 7+0+0=7c0 = 78
76 + 3 =	6+3+0=9c0 7+0+0=7c0 = 79
76 + 4 =	6+4+0=0c1 7+0+1=8c0 = 80
76 + 5 =	6+5+0=1c1 7+0+1=8c0 = 81
76 + 6 =	6+6+0=2c1 7+0+1=8c0 = 82
76 + 7 =	6+7+0=3c1 7+0+1=8c0 = 83
76 + 8 =	6+8+0=4c1 7+0+1=8c0 = 84
76 + 9 =	6+9+0=5c1 7+0+1=8c0 = 85
79 + 0 =	9+0+0=9c0 7+0+0=7c0 = 79
79 + 1 =	9+1+0=0c1 7+0+1=8c0 = 80
79 + 2 =	9+2+0=1c1 7+0+1=8c0 = 81
79 + 3 =	9+3+0=2c1 7+0+1=8c0 = 82
79 + 4 =	9+4+0=3c1 7+0+1=8c0 = 83
79 + 5 =	9+5+0=4c1 7+0+1=8c0 = 84
79 + 6 =	9+6+0=5c1 7+0+1=8c0 = 85
79 + 7 =	9+7+0=6c1 7+0+1=8c0 = 86
79 + 8 =	9+8+0=7c1 7+0+1=8c0 = 87
79 + 9 =	9+9+0=8c1 7+0+1=8c0 = 88
82 + 0 =	2+0+0=2c0 8+0+0=8c0 = 82
82 + 1 =	2+1+0=3c0 8+0+0=8c0 = 83
82 + 2 =	2+2+0=4c0 8+0+0=8c0 = 84
82 + 3 =	2+3+0=5c0 8+0+0=8c0 = 85
82 + 4 =	2+4+0=6c0 8+0+0=8c0 = 86
82 + 5 =	2+5+0=7c0 8+0+0=8c0 = 87
82 + 6 =	2+6+0=8c0 8+0+0=8c0 = 88
82 + 7 =	2+7+0=9c0 8+0+0=8c0 = 89
82 + 8 =	2+8+0=0c1 8+0+1=9c0 = 90
82 + 9 =	2+9+0=1c1 8+0+1=9c0 = 91
85 + 0 =	5+0+0=5c0 8+0+0=8c0 = 85
85 + 1 =	5+1+0=6c0 8+0+0=8c0 = 86
85 + 2 =	5+2+0=7c0 8+0+0=8c0 = 87
85 + 3 =	5+3+0=8c0 8+0+0=8c0 = 88
85 + 4 =	5+4+0=9c0 8+0+0=8c0 = 89
85 + 5 =	5+5+0=0c1 8+0+1=9c0 = 90
85 + 6 =	5+6+0=1c1 8+0+1=9c0 = 91
85 + 7 =	5+7+0=2c1 8+0+1=9c0 = 92
85 + 8 =	5+8+0=3c1 8+0+1=9c0 = 93
85 + 9 =	5+9+0=4c1 8+0+1=9c0 = 94
88 + 0 =	8+0+0=8c0 8+0+0=8c0 = 88
88 + 1 =	8+1+0=9c0 8+0+0=8c0 = 89
88 + 2 =	8+2+0=0c1 8+0+1=9c0 = 90
88 + 3 =	8+3+0=1c1 8+0+1=9c0 = 91
88 + 4 =	8+4+0=2c1 8+0+1=9c0 = 92
88 + 5 =	8+5+0=3c1 8+0+1=9c0 = 93
88 + 6 =	8+6+0=4c1 8+0+1=9c0 = 94
88 + 7 =	8+7+0=5c1 8+0+1=9c0 = 95
88 + 8 =	8+8+0=6c1 8+0+1=9c0 = 96
88 + 9 =	8+9+0=7c1 8+0+1=9c0 = 97
91 + 0 =	1+0+0=1c0 9+0+0=9c0 = 91
91 + 1 =	1+1+0=2c0 9+0+0=9c0 = 92
91 + 2 =	1+2+0=3c0 9+0+0=9c0 = 93
91 + 3 =	1+3+0=4c0 9+0+0=9c0 = 94
91 + 4 =	1+4+0=5c0 9+0+0=9c0 = 95
91 + 5 =	1+5+0=6c0 9+0+0=9c0 = 96
91 + 6 =	1+6+0=7c0 9+0+0=9c0 = 97
91 + 7 =	1+7+0=8c0 9+0+0=9c0 = 98
91 + 8 =	1+8+0=9c0 9+0+0=9c0 = 99
91 + 9 =	1+9+0=0c1 9+0+1=0c1 0+0+1=1c0 = 100
94 + 0 =	4+0+0=4c0 9+0+0=9c0 = 94
94 + 1 =	4+1+0=5c0 9+0+0=9c0 = 95
94 + 2 =	4+2+0=6c0 9+0+0=9c0 = 96
94 + 3 =	4+3+0=7c0 9+0+0=9c0 = 97
94 + 4 =	4+4+0=8c0 9+0+0=9c0 = 98
94 + 5 =	4+5+0=9c0 9+0+0=9c0 = 99
94 + 6 =	4+6+0=0c1 9+0+1=0c1 0+0+1=1c0 = 100
94 + 7 =	4+7+0=1c1 9+0+1=0c1 0+0+1=1c0 = 101
94 + 8 =	4+8+0=2c1 9+0+1=0c1 0+0+1=1c0 = 102
94 + 9 =	4+9+0=3c1 9+0+1=0c1 0+0+1=1c0 = 103
97 + 0 =	7+0+0=7c0 9+0+0=9c0 = 97
97 + 1 =	7+1+0=8c0 9+0+0=9c0 = 98
97 + 2 =	7+2+0=9c0 9+0+0=9c0 = 99
97 + 3 =	7+3+0=0c1 9+0+1=0c1 0+0+1=1c0 = 100
97 + 4 =	7+4+0=1c1 9+0+1=0c1 0+0+1=1c0 = 101
97 + 5 =	7+5+0=2c1 9+0+1=0c1 0+0+1=1c0 = 102
97 + 6 =	7+6+0=3c1 9+0+1=0c1 0+0+1=1c0 = 103
97 + 7 =	7+7+0=4c1 9+0+1=0c1 0+0+1=1c0 = 104
97 + 8 =	7+8+0=5c1 9+0+1=0c1 0+0+1=1c0 = 105
97 + 9 =	7+9+0=6c1 9+0+1=0c1 0+0+1=1c0 = 106
0 + 10 =	0+0+0=0c0 0+1+0=1c0 = 10
0 + 13 =	0+3+0=3c0 0+1+0=1c0 = 13
0 + 16 =	0+6+0=6c0 0+1+0=1c0 = 16
0 + 19 =	0+9+0=9c0 0+1+0=1c0 = 19
0 + 22 =	0+2+0=2c0 0+2+0=2c0 = 22
0 + 25 =	0+5+0=5c0 0+2+0=2c0 = 25
0 + 28 =	0+8+0=8c0 0+2+0=2c0 = 28
0 + 31 =	0+1+0=1c0 0+3+0=3c0 = 31
0 + 34 =	0+4+0=4c0 0+3+0=3c0 = 34
0 + 37 =	0+7+0=7c0 0+3+0=3c0 = 37
0 + 40 =	0+0+0=0c0 0+4+0=4c0 = 40
0 + 43 =	0+3+0=3c0 0+4+0=4c0 = 43
0 + 46 =	0+6+0=6c0 0+4+0=4c0 = 46
0 + 49 =	0+9+0=9c0 0+4+0=4c0 = 49
0 + 52 =	0+2+0=2c0 0+5+0=5c0 = 52
0 + 55 =	0+5+0=5c0 0+5+0=5c0 = 55
0 + 58 =	0+8+0=8c0 0+5+0=5c0 = 58
0 + 61 =	0+1+0=1c0 0+6+0=6c0 = 61
0 + 64 =	0+4+0=4c0 0+6+0=6c0 = 64
0 + 67 =	0+7+0=7c0 0+6+0=6c0 = 67
0 + 70 =	0+0+0=0c0 0+7+0=7c0 = 70
0 + 73 =	0+3+0=3c0 0+7+0=7c0 = 73
0 + 76 =	0+6+0=6c0 0+7+0=7c0 = 76
0 + 79 =	0+9+0=9c0 0+7+0=7c0 = 79
0 + 82 =	0+2+0=2c0 0+8+0=8c0 = 82
0 + 85 =	0+5+0=5c0 0+8+0=8c0 = 85
0 + 88 =	0+8+0=8c0 0+8+0=8c0 = 88
0 + 91 =	0+1+0=1c0 0+9+0=9c0 = 91
0 + 94 =	0+4+0=4c0 0+9+0=9c0 = 94
0 + 97 =	0+7+0=7c0 0+9+0=9c0 = 97
1 + 10 =	1+0+0=1c0 0+1+0=1c0 = 11
1 + 13 =	1+3+0=4c0 0+1+0=1c0 = 14
1 + 16 =	1+6+0=7c0 0+1+0=1c0 = 17
1 + 19 =	1+9+0=0c1 0+1+1=2c0 = 20
1 + 22 =	1+2+0=3c0 0+2+0=2c0 = 23
1 + 25 =	1+5+0=6c0 0+2+0=2c0 = 26
1 + 28 =	1+8+0=9c0 0+2+0=2c0 = 29
1 + 31 =	1+1+0=2c0 0+3+0=3c0 = 32
1 + 34 =	1+4+0=5c0 0+3+0=3c0 = 35
1 + 37 =	1+7+0=8c0 0+3+0=3c0 = 38
1 + 40 =	1+0+0=1c0 0+4+0=4c0 = 41
1 + 43 =	1+3+0=4c0 0+4+0=4c0 = 44
1 + 46 =	1+6+0=7c0 0+4+0=4c0 = 47
1 + 49 =	1+9+0=0c1 0+4+1=5c0 = 50
1 + 52 =	1+2+0=3c0 0+5+0=5c0 = 53
1 + 55 =	1+5+0=6c0 0+5+0=5c0 = 56
1 + 58 =	1+8+0=9c0 0+5+0=5c0 = 59
1 + 61 =	1+1+0=2c0 0+6+0=6c0 = 62
1 + 64 =	1+4+0=5c0 0+6+0=6c0 = 65
1 + 67 =	1+7+0=8c0 0+6+0=6c0 = 68
1 + 70 =	1+0+0=1c0 0+7+0=7c0 = 71
1 + 73 =	1+3+0=4c0 0+7+0=7c0 = 74
1 + 76 =	1+6+0=7c0 0+7+0=7c0 = 77
1 + 79 =	1+9+0=0c1 0+7+1=8c0 = 80
1 + 82 =	1+2+0=3c0 0+8+0=8c0 = 83
1 + 85 =	1+5+0=6c0 0+8+0=8c0 = 86
1 + 88 =	1+8+0=9c0 0+8+0=8c0 = 89
1 + 91 =	1+1+0=2c0 0+9+0=9c0 = 92
1 + 94 =	1+4+0=5c0 0+9+0=9c0 = 95
1 + 97 =	1+7+0=8c0 0+9+0=9c0 = 98
2 + 10 =	2+0+0=2c0 0+1+0=1c0 = 12
2 + 13 =	2+3+0=5c0 0+1+0=1c0 = 15
2 + 16 =	2+6+0=8c0 0+1+0=1c0 = 18
2 + 19 =	2+9+0=1c1 0+1+1=2c0 = 21
2 + 22 =	2+2+0=4c0 0+2+0=2c0 = 24
2 + 25 =	2+5+0=7c0 0+2+0=2c0 = 27
2 + 28 =	2+8+0=0c1 0+2+1=3c0 = 30
2 + 31 =	2+1+0=3c0 0+3+0=3c0 = 33
2 + 34 =	2+4+0=6c0 0+3+0=3c0 = 36
2 + 37 =	2+7+0=9c0 0+3+0=3c0 = 39
2 + 40 =	2+0+0=2c0 0+4+0=4c0 = 42
2 + 43 =	2+3+0=5c0 0+4+0=4c0 = 45
2 + 46 =	2+6+0=8c0 0+4+0=4c0 = 48
2 + 49 =	2+9+0=1c1 0+4+1=5c0 = 51
2 + 52 =	2+2+0=4c0 0+5+0=5c0 = 54
2 + 55 =	2+5+0=7c0 0+5+0=5c0 = 57
2 + 58 =	2+8+0=0c1 0+5+1=6c0 = 60
2 + 61 =	2+1+0=3c0 0+6+0=6c0 = 63
2 + 64 =	2+4+0=6c0 0+6+0=6c0 = 66
2 + 67 =	2+7+0=9c0 0+6+0=6c0 = 69
2 + 70 =	2+0+0=2c0 0+7+0=7c0 = 72
2 + 73 =	2+3+0=5c0 0+7+0=7c0 = 75
2 + 76 =	2+6+0=8c0 0+7+0=7c0 = 78
2 + 79 =	2+9+0=1c1 0+7+1=8c0 = 81
2 + 82 =	2+2+0=4c0 0+8+0=8c0 = 84
2 + 85 =	2+5+0=7c0 0+8+0=8c0 = 87
2 + 88 =	2+8+0=0c1 0+8+1=9c0 = 90
2 + 91 =	2+1+0=3c0 0+9+0=9c0 = 93
2 + 94 =	2+4+0=6c0 0+9+0=9c0 = 96
2 + 97 =	2+7+0=9c0 0+9+0=9c0 = 99
3 + 10 =	3+0+0=3c0 0+1+0=1c0 = 13
3 + 13 =	3+3+0=6c0 0+1+0=1c0 = 16
3 + 16 =	3+6+0=9c0 0+1+0=1c0 = 19
3 + 19 =	3+9+0=2c1 0+1+1=2c0 = 22
3 + 22 =	3+2+0=5c0 0+2+0=2c0 = 25
3 + 25 =	3+5+0=8c0 0+2+0=2c0 = 28
3 + 28 =	3+8+0=1c1 0+2+1=3c0 = 31
3 + 31 =	3+1+0=4c0 0+3+0=3c0 = 34
3 + 34 =	3+4+0=7c0 0+3+0=3c0 = 37
3 + 37 =	3+7+0=0c1 0+3+1=4c0 = 40
3 + 40 =	3+0+0=3c0 0+4+0=4c0 = 43
3 + 43 =	3+3+0=6c0 0+4+0=4c0 = 46
3 + 46 =	3+6+0=9c0 0+4+0=4c0 = 49
3 + 49 =	3+9+0=2c1 0+4+1=5c0 = 52
3 + 52 =	3+2+0=5c0 0+5+0=5c0 = 55
3 + 55 =	3+5+0=8c0 0+5+0=5c0 = 58
3 + 58 =	3+8+0=1c1 0+5+1=6c0 = 61
3 + 61 =	3+1+0=4c0 0+6+0=6c0 = 64
3 + 64 =	3+4+0=7c0 0+6+0=6c0 = 67
3 + 67 =	3+7+0=0c1 0+6+1=7c0 = 70
3 + 70 =	3+0+0=3c0 0+7+0=7c0 = 73
3 + 73 =	3+3+0=6c0 0+7+0=7c0 = 76
3 + 76 =	3+6+0=9c0 0+7+0=7c0 = 79
3 + 79 =	3+9+0=2c1 0+7+1=8c0 = 82
3 + 82 =	3+2+0=5c0 0+8+0=8c0 = 85
3 + 85 =	3+5+0=8c0 0+8+0=8c0 = 88
3 + 88 =	3+8+0=1c1 0+8+1=9c0 = 91
3 + 91 =	3+1+0=4c0 0+9+0=9c0 = 94
3 + 94 =	3+4+0=7c0 0+9+0=9c0 = 97
3 + 97 =	3+7+0=0c1 0+9+1=0c1 0+0+1=1c0 = 100
4 + 10 =	4+0+0=4c0 0+1+0=1c0 = 14
4 + 13 =	4+3+0=7c0 0+1+0=1c0 = 17
4 + 16 =	4+6+0=0c1 0+1+1=2c0 = 20
4 + 19 =	4+9+0=3c1 0+1+1=2c0 = 23
4 + 22 =	4+2+0=6c0 0+2+0=2c0 = 26
4 + 25 =	4+5+0=9c0 0+2+0=2c0 = 29
4 + 28 =	4+8+0=2c1 0+2+1=3c0 = 32
4 + 31 =	4+1+0=5c0 0+3+0=3c0 = 35
4 + 34 =	4+4+0=8c0 0+3+0=3c0 = 38
4 + 37 =	4+7+0=1c1 0+3+1=4c0 = 41
4 + 40 =	4+0+0=4c0 0+4+0=4c0 = 44
4 + 43 =	4+3+0=7c0 0+4+0=4c0 = 47
4 + 46 =	4+6+0=0c1 0+4+1=5c0 = 50
4 + 49 =	4+9+0=3c1 0+4+1=5c0 = 53
4 + 52 =	4+2+0=6c0 0+5+0=5c0 = 56
4 + 55 =	4+5+0=9c0 0+5+0=5c0 = 59
4 + 58 =	4+8+0=2c1 0+5+1=6c0 = 62
4 + 61 =	4+1+0=5c0 0+6+0=6c0 = 65
4 + 64 =	4+4+0=8c0 0+6+0=6c0 = 68
4 + 67 =	4+7+0=1c1 0+6+1=7c0 = 71
4 + 70 =	4+0+0=4c0 0+7+0=7c0 = 74
4 + 73 =	4+3+0=7c0 0+7+0=7c0 = 77
4 + 76 =	4+6+0=0c1 0+7+1=8c0 = 80
4 + 79 =	4+9+0=3c1 0+7+1=8c0 = 83
4 + 82 =	4+2+0=6c0 0+8+0=8c0 = 86
4 + 85 =	4+5+0=9c0 0+8+0=8c0 = 89
4 + 88 =	4+8+0=2c1 0+8+1=9c0 = 92
4 + 91 =	4+1+0=5c0 0+9+0=9c0 = 95
4 + 94 =	4+4+0=8c0 0+9+0=9c0 = 98
4 + 97 =	4+7+0=1c1 0+9+1=0c1 0+0+1=1c0 = 101
5 + 10 =	5+0+0=5c0 0+1+0=1c0 = 15
5 + 13 =	5+3+0=8c0 0+1+0=1c0 = 18
5 + 16 =	5+6+0=1c1 0+1+1=2c0 = 21
5 + 19 =	5+9+0=4c1 0+1+1=2c0 = 24
5 + 22 =	5+2+0=7c0 0+2+0=2c0 = 27
5 + 25 =	5+5+0=0c1 0+2+1=3c0 = 30
5 + 28 =	5+8+0=3c1 0+2+1=3c0 = 33
5 + 31 =	5+1+0=6c0 0+3+0=3c0 = 36
5 + 34 =	5+4+0=9c0 0+3+0=3c0 = 39
5 + 37 =	5+7+0=2c1 0+3+1=4c0 = 42
5 + 40 =	5+0+0=5c0 0+4+0=4c0 = 45
5 + 43 =	5+3+0=8c0 0+4+0=4c0 = 48
5 + 46 =	5+6+0=1c1 0+4+1=5c0 = 51
5 + 49 =	5+9+0=4c1 0+4+1=5c0 = 54
5 + 52 =	5+2+0=7c0 0+5+0=5c0 = 57
5 + 55 =	5+5+0=0c1 0+5+1=6c0 = 60
5 + 58 =	5+8+0=3c1 0+5+1=6c0 = 63
5 + 61 =	5+1+0=6c0 0+6+0=6c0 = 66
5 + 64 =	5+4+0=9c0 0+6+0=6c0 = 69
5 + 67 =	5+7+0=2c1 0+6+1=7c0 = 72
5 + 70 =	5+0+0=5c0 0+7+0=7c0 = 75
5 + 73 =	5+3+0=8c0 0+7+0=7c0 = 78
5 + 76 =	5+6+0=1c1 0+7+1=8c0 = 81
5 + 79 =	5+9+0=4c1 0+7+1=8c0 = 84
5 + 82 =	5+2+0=7c0 0+8+0=8c0 = 87
5 + 85 =	5+5+0=0c1 0+8+1=9c0 = 90
5 + 88 =	5+8+0=3c1 0+8+1=9c0 = 93
5 + 91 =	5+1+0=6c0 0+9+0=9c0 = 96
5 + 94 =	5+4+0=9c0 0+9+0=9c0 = 99
5 + 97 =	5+7+0=2c1 0+9+1=0c1 0+0+1=1c0 = 102
6 + 10 =	6+0+0=6c0 0+1+0=1c0 = 16
6 + 13 =	6+3+0=9c0 0+1+0=1c0 = 19
6 + 16 =	6+6+0=2c1 0+1+1=2c0 = 22
6 + 19 =	6+9+0=5c1 0+1+1=2c0 = 25
6 + 22 =	6+2+0=8c0 0+2+0=2c0 = 28
6 + 25 =	6+5+0=1c1 0+2+1=3c0 = 31
6 + 28 =	6+8+0=4c1 0+2+1=3c0 = 34
6 + 31 =	6+1+0=7c0 0+3+0=3c0 = 37
6 + 34 =	6+4+0=0c1 0+3+1=4c0 = 40
6 + 37 =	6+7+0=3c1 0+3+1=4c0 = 43
6 + 40 =	6+0+0=6c0 0+4+0=4c0 = 46
6 + 43 =	6+3+0=9c0 0+4+0=4c0 = 49
6 + 46 =	6+6+0=2c1 0+4+1=5c0 = 52
6 + 49 =	6+9+0=5c1 0+4+1=5c0 = 55
6 + 52 =	6+2+0=8c0 0+5+0=5c0 = 58
6 + 55 =	6+5+0=1c1 0+5+1=6c0 = 61
6 + 58 =	6+8+0=4c1 0+5+1=6c0 = 64
6 + 61 =	6+1+0=7c0 0+6+0=6c0 = 67
6 + 64 =	6+4+0=0c1 0+6+1=7c0 = 70
6 + 67 =	6+7+0=3c1 0+6+1=7c0 = 73
6 + 70 =	6+0+0=6c0 0+7+0=7c0 = 76
6 + 73 =	6+3+0=9c0 0+7+0=7c0 = 79
6 + 76 =	6+6+0=2c1 0+7+1=8c0 = 82
6 + 79 =	6+9+0=5c1 0+7+1=8c0 = 85
6 + 82 =	6+2+0=8c0 0+8+0=8c0 = 88
6 + 85 =	6+5+0=1c1 0+8+1=9c0 = 91
6 + 88 =	6+8+0=4c1 0+8+1=9c0 = 94
6 + 91 =	6+1+0=7c0 0+9+0=9c0 = 97
6 + 94 =	6+4+0=0c1 0+9+1=0c1 0+0+1=1c0 = 100
6 + 97 =	6+7+0=3c1 0+9+1=0c1 0+0+1=1c0 = 103
7 + 10 =	7+0+0=7c0 0+1+0=1c0 = 17
7 + 13 =	7+3+0=0c1 0+1+1=2c0 = 20
7 + 16 =	7+6+0=3c1 0+1+1=2c0 = 23
7 + 19 =	7+9+0=6c1 0+1+1=2c0 = 26
7 + 22 =	7+2+0=9c0 0+2+0=2c0 = 29
7 + 25 =	7+5+0=2c1 0+2+1=3c0 = 32
7 + 28 =	7+8+0=5c1 0+2+1=3c0 = 35
7 + 31 =	7+1+0=8c0 0+3+0=3c0 = 38
7 + 34 =	7+4+0=1c1 0+3+1=4c0 = 41
7 + 37 =	7+7+0=4c1 0+3+1=4c0 = 44
7 + 40 =	7+0+0=7c0 0+4+0=4c0 = 47
7 + 43 =	7+3+0=0c1 0+4+1=5c0 = 50
7 + 46 =	7+6+0=3c1 0+4+1=5c0 = 53
7 + 49 =	7+9+0=6c1 0+4+1=5c0 = 56
7 + 52 =	7+2+0=9c0 0+5+0=5c0 = 59
7 + 55 =	7+5+0=2c1 0+5+1=6c0 = 62
7 + 58 =	7+8+0=5c1 0+5+1=6c0 = 65
7 + 61 =	7+1+0=8c0 0+6+0=6c0 = 68
7 + 64 =	7+4+0=1c1 0+6+1=7c0 = 71
7 + 67 =	7+7+0=4c1 0+6+1=7c0 = 74
7 + 70 =	7+0+0=7c0 0+7+0=7c0 = 77
7 + 73 =	7+3+0=0c1 0+7+1=8c0 = 80
7 + 76 =	7+6+0=3c1 0+7+1=8c0 = 83
7 + 79 =	7+9+0=6c1 0+7+1=8c0 = 86
7 + 82 =	7+2+0=9c0 0+8+0=8c0 = 89
7 + 85 =	7+5+0=2c1 0+8+1=9c0 = 92
7 + 88 =	7+8+0=5c1 0+8+1=9c0 = 95
7 + 91 =	7+1+0=8c0 0+9+0=9c0 = 98
7 + 94 =	7+4+0=1c1 0+9+1=0c1 0+0+1=1c0 = 101
7 + 97 =	7+7+0=4c1 0+9+1=0c1 0+0+1=1c0 = 104
8 + 10 =	8+0+0=8c0 0+1+0=1c0 = 18
8 + 13 =	8+3+0=1c1 0+1+1=2c0 = 21
8 + 16 =	8+6+0=4c1 0+1+1=2c0 = 24
8 + 19 =	8+9+0=7c1 0+1+1=2c0 = 27
8 + 22 =	8+2+0=0c1 0+2+1=3c0 = 30
8 + 25 =	8+5+0=3c1 0+2+1=3c0 = 33
8 + 28 =	8+8+0=6c1 0+2+1=3c0 = 36
8 + 31 =	8+1+0=9c0 0+3+0=3c0 = 39
8 + 34 =	8+4+0=2c1 0+3+1=4c0 = 42
8 + 37 =	8+7+0=5c1 0+3+1=4c0 = 45
8 + 40 =	8+0+0=8c0 0+4+0=4c0 = 48
8 + 43 =	8+3+0=1c1 0+4+1=5c0 = 51
8 + 46 =	8+6+0=4c1 0+4+1=5c0 = 54
8 + 49 =	8+9+0=7c1 0+4+1=5c0 = 57
8 + 52 =	8+2+0=0c1 0+5+1=6c0 = 60
8 + 55 =	8+5+0=3c1 0+5+1=6c0 = 63
8 + 58 =	8+8+0=6c1 0+5+1=6c0 = 66
8 + 61 =	8+1+0=9c0 0+6+0=6c0 = 69
8 + 64 =	8+4+0=2c1 0+6+1=7c0 = 72
8 + 67 =	8+7+0=5c1 0+6+1=7c0 = 75
8 + 70 =	8+0+0=8c0 0+7+0=7c0 = 78
8 + 73 =	8+3+0=1c1 0+7+1=8c0 = 81
8 + 76 =	8+6+0=4c1 0+7+1=8c0 = 84
8 + 79 =	8+9+0=7c1 0+7+1=8c0 = 87
8 + 82 =	8+2+0=0c1 0+8+1=9c0 = 90
8 + 85 =	8+5+0=3c1 0+8+1=9c0 = 93
8 + 88 =	8+8+0=6c1 0+8+1=9c0 = 96
8 + 91 =	8+1+0=9c0 0+9+0=9c0 = 99
8 + 94 =	8+4+0=2c1 0+9+1=0c1 0+0+1=1c0 = 102
8 + 97 =	8+7+0=5c1 0+9+1=0c1 0+0+1=1c0 = 105
9 + 10 =	9+0+0=9c0 0+1+0=1c0 = 19
9 + 13 =	9+3+0=2c1 0+1+1=2c0 = 22
9 + 16 =	9+6+0=5c1 0+1+1=2c0 = 25
9 + 19 =	9+9+0=8c1 0+1+1=2c0 = 28
9 + 22 =	9+2+0=1c1 0+2+1=3c0 = 31
9 + 25 =	9+5+0=4c1 0+2+1=3c0 = 34
9 + 28 =	9+8+0=7c1 0+2+1=3c0 = 37
9 + 31 =	9+1+0=0c1 0+3+1=4c0 = 40
9 + 34 =	9+4+0=3c1 0+3+1=4c0 = 43
9 + 37 =	9+7+0=6c1 0+3+1=4c0 = 46
9 + 40 =	9+0+0=9c0 0+4+0=4c0 = 49
9 + 43 =	9+3+0=2c1 0+4+1=5c0 = 52
9 + 46 =	9+6+0=5c1 0+4+1=5c0 = 55
9 + 49 =	9+9+0=8c1 0+4+1=5c0 = 58
9 + 52 =	9+2+0=1c1 0+5+1=6c0 = 61
9 + 55 =	9+5+0=4c1 0+5+1=6c0 = 64
9 + 58 =	9+8+0=7c1 0+5+1=6c0 = 67
9 + 61 =	9+1+0=0c1 0+6+1=7c0 = 70
9 + 64 =	9+4+0=3c1 0+6+1=7c0 = 73
9 + 67 =	9+7+0=6c1 0+6+1=7c0 = 76
9 + 70 =	9+0+0=9c0 0+7+0=7c0 = 79
9 + 73 =	9+3+0=2c1 0+7+1=8c0 = 82
9 + 76 =	9+6+0=5c1 0+7+1=8c0 = 85
9 + 79 =	9+9+0=8c1 0+7+1=8c0 = 88
9 + 82 =	9+2+0=1c1 0+8+1=9c0 = 91
9 + 85 =	9+5+0=4c1 0+8+1=9c0 = 94
9 + 88 =	9+8+0=7c1 0+8+1=9c0 = 97
9 + 91 =	9+1+0=0c1 0+9+1=0c1 0+0+1=1c0 = 100
9 + 94 =	9+4+0=3c1 0+9+1=0c1 0+0+1=1c0 = 103
9 + 97 =	9+7+0=6c1 0+9+1=0c1 0+0+1=1c0 = 106
100 + 10 =	0+0+0=0c0 0+1+0=1c0 1+0+0=1c0 = 110
100 + 123 =	0+3+0=3c0 0+2+0=2c0 1+1+0=2c0 = 223
100 + 236 =	0+6+0=6c0 0+3+0=3c0 1+2+0=3c0 = 336
100 + 349 =	0+9+0=9c0 0+4+0=4c0 1+3+0=4c0 = 449
100 + 462 =	0+2+0=2c0 0+6+0=6c0 1+4+0=5c0 = 562
100 + 575 =	0+5+0=5c0 0+7+0=7c0 1+5+0=6c0 = 675
100 + 688 =	0+8+0=8c0 0+8+0=8c0 1+6+0=7c0 = 788
100 + 801 =	0+1+0=1c0 0+0+0=0c0 1+8+0=9c0 = 901
100 + 914 =	0+4+0=4c0 0+1+0=1c0 1+9+0=0c1 0+0+1=1c0 = 1014
137 + 10 =	7+0+0=7c0 3+1+0=4c0 1+0+0=1c0 = 147
137 + 123 =	7+3+0=0c1 3+2+1=6c0 1+1+0=2c0 = 260
137 + 236 =	7+6+0=3c1 3+3+1=7c0 1+2+0=3c0 = 373
137 + 349 =	7+9+0=6c1 3+4+1=8c0 1+3+0=4c0 = 486
137 + 462 =	7+2+0=9c0 3+6+0=9c0 1+4+0=5c0 = 599
137 + 575 =	7+5+0=2c1 3+7+1=1c1 1+5+1=7c0 = 712
137 + 688 =	7+8+0=5c1 3+8+1=2c1 1+6+1=8c0 = 825
137 + 801 =	7+1+0=8c0 3+0+0=3c0 1+8+0=9c0 = 938
137 + 914 =	7+4+0=1c1 3+1+1=5c0 1+9+0=0c1 0+0+1=1c0 = 1051
174 + 10 =	4+0+0=4c0 7+1+0=8c0 1+0+0=1c0 = 184
174 + 123 =	4+3+0=7c0 7+2+0=9c0 1+1+0=2c0 = 297
174 + 236 =	4+6+0=0c1 7+3+1=1c1 1+2+1=4c0 = 410
174 + 349 =	4+9+0=3c1 7+4+1=2c1 1+3+1=5c0 = 523
174 + 462 =	4+2+0=6c0 7+6+0=3c1 1+4+1=6c0 = 636
174 + 575 =	4+5+0=9c0 7+7+0=4c1 1+5+1=7c0 = 749
174 + 688 =	4+8+0=2c1 7+8+1=6c1 1+6+1=8c0 = 862
174 + 801 =	4+1+0=5c0 7+0+0=7c0 1+8+0=9c0 = 975
174 + 914 =	4+4+0=8c0 7+1+0=8c0 1+9+0=0c1 0+0+1=1c0 = 1088
211 + 10 =	1+0+0=1c0 1+1+0=2c0 2+0+0=2c0 = 221
211 + 123 =	1+3+0=4c0 1+2+0=3c0 2+1+0=3c0 = 334
211 + 236 =	1+6+0=7c0 1+3+0=4c0 2+2+0=4c0 = 447
211 + 349 =	1+9+0=0c1 1+4+1=6c0 2+3+0=5c0 = 560
211 + 462 =	1+2+0=3c0 1+6+0=7c0 2+4+0=6c0 = 673
211 + 575 =	1+5+0=6c0 1+7+0=8c0 2+5+0=7c0 = 786
211 + 688 =	1+8+0=9c0 1+8+0=9c0 2+6+0=8c0 = 899
211 + 801 =	1+1+0=2c0 1+0+0=1c0 2+8+0=0c1 0+0+1=1c0 = 1012
211 + 914 =	1+4+0=5c0 1+1+0=2c0 2+9+0=1c1 0+0+1=1c0 = 1125
248 + 10 =	8+0+0=8c0 4+1+0=5c0 2+0+0=2c0 = 258
248 + 123 =	8+3+0=1c1 4+2+1=7c0 2+1+0=3c0 = 371
248 + 236 =	8+6+0=4c1 4+3+1=8c0 2+2+0=4c0 = 484
248 + 349 =	8+9+0=7c1 4+4+1=9c0 2+3+0=5c0 = 597
248 + 462 =	8+2+0=0c1 4+6+1=1c1 2+4+1=7c0 = 710
248 + 575 =	8+5+0=3c1 4+7+1=2c1 2+5+1=8c0 = 823
248 + 688 =	8+8+0=6c1 4+8+1=3c1 2+6+1=9c0 = 936
248 + 801 =	8+1+0=9c0 4+0+0=4c0 2+8+0=0c1 0+0+1=1c0 = 1049
248 + 914 =	8+4+0=2c1 4+1+1=6c0 2+9+0=1c1 0+0+1=1c0 = 1162
285 + 10 =	5+0+0=5c0 8+1+0=9c0 2+0+0=2c0 = 295
285 + 123 =	5+3+0=8c0 8+2+0=0c1 2+1+1=4c0 = 408
285 + 236 =	5+6+0=1c1 8+3+1=2c1 2+2+1=5c0 = 521
285 + 349 =	5+9+0=4c1 8+4+1=3c1 2+3+1=6c0 = 634
285 + 462 =	5+2+0=7c0 8+6+0=4c1 2+4+1=7c0 = 747
285 + 575 =	5+5+0=0c1 8+7+1=6c1 2+5+1=8c0 = 860
285 + 688 =	5+8+0=3c1 8+8+1=7c1 2+6+1=9c0 = 973
285 + 801 =	5+1+0=6c0 8+0+0=8c0 2+8+0=0c1 0+0+1=1c0 = 1086
285 + 914 =	5+4+0=9c0 8+1+0=9c0 2+9+0=1c1 0+0+1=1c0 = 1199
322 + 10 =	2+0+0=2c0 2+1+0=3c0 3+0+0=3c0 = 332
322 + 123 =	2+3+0=5c0 2+2+0=4c0 3+1+0=4c0 = 445
322 + 236 =	2+6+0=8c0 2+3+0=5c0 3+2+0=5c0 = 558
322 + 349 =	2+9+0=1c1 2+4+1=7c0 3+3+0=6c0 = 671
322 + 462 =	2+2+0=4c0 2+6+0=8c0 3+4+0=7c0 = 784
322 + 575 =	2+5+0=7c0 2+7+0=9c0 3+5+0=8c0 = 897
322 + 688 =	2+8+0=0c1 2+8+1=1c1 3+6+1=0c1 0+0+1=1c0 = 1010
322 + 801 =	2+1+0=3c0 2+0+0=2c0 3+8+0=1c1 0+0+1=1c0 = 1123
322 + 914 =	2+4+0=6c0 2+1+0=3c0 3+9+0=2c1 0+0+1=1c0 = 1236
359 + 10 =	9+0+0=9c0 5+1+0=6c0 3+0+0=3c0 = 369
359 + 123 =	9+3+0=2c1 5+2+1=8c0 3+1+0=4c0 = 482
359 + 236 =	9+6+0=5c1 5+3+1=9c0 3+2+0=5c0 = 595
359 + 349 =	9+9+0=8c1 5+4+1=0c1 3+3+1=7c0 = 708
359 + 462 =	9+2+0=1c1 5+6+1=2c1 3+4+1=8c0 = 821
359 + 575 =	9+5+0=4c1 5+7+1=3c1 3+5+1=9c0 = 934
359 + 688 =	9+8+0=7c1 5+8+1=4c1 3+6+1=0c1 0+0+1=1c0 = 1047
359 + 801 =	9+1+0=0c1 5+0+1=6c0 3+8+0=1c1 0+0+1=1c0 = 1160
359 + 914 =	9+4+0=3c1 5+1+1=7c0 3+9+0=2c1 0+0+1=1c0 = 1273
396 + 10 =	6+0+0=6c0 9+1+0=0c1 3+0+1=4c0 = 406
396 + 123 =	6+3+0=9c0 9+2+0=1c1 3+1+1=5c0 = 519
396 + 236 =	6+6+0=2c1 9+3+1=3c1 3+2+1=6c0 = 632
396 + 349 =	6+9+0=5c1 9+4+1=4c1 3+3+1=7c0 = 745
396 + 462 =	6+2+0=8c0 9+6+0=5c1 3+4+1=8c0 = 858
396 + 575 =	6+5+0=1c1 9+7+1=7c1 3+5+1=9c0 = 971
396 + 688 =	6+8+0=4c1 9+8+1=8c1 3+6+1=0c1 0+0+1=1c0 = 1084
396 + 801 =	6+1+0=7c0 9+0+0=9c0 3+8+0=1c1 0+0+1=1c0 = 1197
396 + 914 =	6+4+0=0c1 9+1+1=1c1 3+9+1=3c1 0+0+1=1c0 = 1310
433 + 10 =	3+0+0=3c0 3+1+0=4c0 4+0+0=4c0 = 443
433 + 123 =	3+3+0=6c0 3+2+0=5c0 4+1+0=5c0 = 556
433 + 236 =	3+6+0=9c0 3+3+0=6c0 4+2+0=6c0 = 669
433 + 349 =	3+9+0=2c1 3+4+1=8c0 4+3+0=7c0 = 782
433 + 462 =	3+2+0=5c0 3+6+0=9c0 4+4+0=8c0 = 895
433 + 575 =	3+5+0=8c0 3+7+0=0c1 4+5+1=0c1 0+0+1=1c0 = 1008
433 + 688 =	3+8+0=1c1 3+8+1=2c1 4+6+1=1c1 0+0+1=1c0 = 1121
433 + 801 =	3+1+0=4c0 3+0+0=3c0 4+8+0=2c1 0+0+1=1c0 = 1234
433 + 914 =	3+4+0=7c0 3+1+0=4c0 4+9+0=3c1 0+0+1=1c0 = 1347
470 + 10 =	0+0+0=0c0 7+1+0=8c0 4+0+0=4c0 = 480
470 + 123 =	0+3+0=3c0 7+2+0=9c0 4+1+0=5c0 = 593
470 + 236 =	0+6+0=6c0 7+3+0=0c1 4+2+1=7c0 = 706
470 + 349 =	0+9+0=9c0 7+4+0=1c1 4+3+1=8c0 = 819
470 + 462 =	0+2+0=2c0 7+6+0=3c1 4+4+1=9c0 = 932
470 + 575 =	0+5+0=5c0 7+7+0=4c1 4+5+1=0c1 0+0+1=1c0 = 1045
470 + 688 =	0+8+0=8c0 7+8+0=5c1 4+6+1=1c1 0+0+1=1c0 = 1158
470 + 801 =	0+1+0=1c0 7+0+0=7c0 4+8+0=2c1 0+0+1=1c0 = 1271
470 + 914 =	0+4+0=4c0 7+1+0=8c0 4+9+0=3c1 0+0+1=1c0 = 1384
507 + 10 =	7+0+0=7c0 0+1+0=1c0 5+0+0=5c0 = 517
507 + 123 =	7+3+0=0c1 0+2+1=3c0 5+1+0=6c0 = 630
507 + 236 =	7+6+0=3c1 0+3+1=4c0 5+2+0=7c0 = 743
507 + 349 =	7+9+0=6c1 0+4+1=5c0 5+3+0=8c0 = 856
507 + 462 =	7+2+0=9c0 0+6+0=6c0 5+4+0=9c0 = 969
507 + 575 =	7+5+0=2c1 0+7+1=8c0 5+5+0=0c1 0+0+1=1c0 = 1082
507 + 688 =	7+8+0=5c1 0+8+1=9c0 5+6+0=1c1 0+0+1=1c0 = 1195
507 + 801 =	7+1+0=8c0 0+0+0=0c0 5+8+0=3c1 0+0+1=1c0 = 1308
507 + 914 =	7+4+0=1c1 0+1+1=2c0 5+9+0=4c1 0+0+1=1c0 = 1421
544 + 10 =	4+0+0=4c0 4+1+0=5c0 5+0+0=5c0 = 554
544 + 123 =	4+3+0=7c0 4+2+0=6c0 5+1+0=6c0 = 667
544 + 236 =	4+6+0=0c1 4+3+1=8c0 5+2+0=7c0 = 780
544 + 349 =	4+9+0=3c1 4+4+1=9c0 5+3+0=8c0 = 893
544 + 462 =	4+2+0=6c0 4+6+0=0c1 5+4+1=0c1 0+0+1=1c0 = 1006
544 + 575 =	4+5+0=9c0 4+7+0=1c1 5+5+1=1c1 0+0+1=1c0 = 1119
544 + 688 =	4+8+0=2c1 4+8+1=3c1 5+6+1=2c1 0+0+1=1c0 = 1232
544 + 801 =	4+1+0=5c0 4+0+0=4c0 5+8+0=3c1 0+0+1=1c0 = 1345
544 + 914 =	4+4+0=8c0 4+1+0=5c0 5+9+0=4c1 0+0+1=1c0 = 1458
581 + 10 =	1+0+0=1c0 8+1+0=9c0 5+0+0=5c0 = 591
581 + 123 =	1+3+0=4c0 8+2+0=0c1 5+1+1=7c0 = 704
581 + 236 =	1+6+0=7c0 8+3+0=1c1 5+2+1=8c0 = 817
581 + 349 =	1+9+0=0c1 8+4+1=3c1 5+3+1=9c0 = 930
581 + 462 =	1+2+0=3c0 8+6+0=4c1 5+4+1=0c1 0+0+1=1c0 = 1043
581 + 575 =	1+5+0=6c0 8+7+0=5c1 5+5+1=1c1 0+0+1=1c0 = 1156
581 + 688 =	1+8+0=9c0 8+8+0=6c1 5+6+1=2c1 0+0+1=1c0 = 1269
581 + 801 =	1+1+0=2c0 8+0+0=8c0 5+8+0=3c1 0+0+1=1c0 = 1382
581 + 914 =	1+4+0=5c0 8+1+0=9c0 5+9+0=4c1 0+0+1=1c0 = 1495
618 + 10 =	8+0+0=8c0 1+1+0=2c0 6+0+0=6c0 = 628
618 + 123 =	8+3+0=1c1 1+2+1=4c0 6+1+0=7c0 = 741
618 + 236 =	8+6+0=4c1 1+3+1=5c0 6+2+0=8c0 = 854
618 + 349 =	8+9+0=7c1 1+4+1=6c0 6+3+0=9c0 = 967
618 + 462 =	8+2+0=0c1 1+6+1=8c0 6+4+0=0c1 0+0+1=1c0 = 1080
618 + 575 =	8+5+0=3c1 1+7+1=9c0 6+5+0=1c1 0+0+1=1c0 = 1193
618 + 688 =	8+8+0=6c1 1+8+1=0c1 6+6+1=3c1 0+0+1=1c0 = 1306
618 + 801 =	8+1+0=9c0 1+0+0=1c0 6+8+0=4c1 0+0+1=1c0 = 1419
618 + 914 =	8+4+0=2c1 1+1+1=3c0 6+9+0=5c1 0+0+1=1c0 = 1532
655 + 10 =	5+0+0=5c0 5+1+0=6c0 6+0+0=6c0 = 665
655 + 123 =	5+3+0=8c0 5+2+0=7c0 6+1+0=7c0 = 778
655 + 236 =	5+6+0=1c1 5+3+1=9c0 6+2+0=8c0 = 891
655 + 349 =	5+9+0=4c1 5+4+1=0c1 6+3+1=0c1 0+0+1=1c0 = 1004
655 + 462 =	5+2+0=7c0 5+6+0=1c1 6+4+1=1c1 0+0+1=1c0 = 1117
655 + 575 =	5+5+0=0c1 5+7+1=3c1 6+5+1=2c1 0+0+1=1c0 = 1230
655 + 688 =	5+8+0=3c1 5+8+1=4c1 6+6+1=3c1 0+0+1=1c0 = 1343
655 + 801 =	5+1+0=6c0 5+0+0=5c0 6+8+0=4c1 0+0+1=1c0 = 1456
655 + 914 =	5+4+0=9c0 5+1+0=6c0 6+9+0=5c1 0+0+1=1c0 = 1569
692 + 10 =	2+0+0=2c0 9+1+0=0c1 6+0+1=7c0 = 702
692 + 123 =	2+3+0=5c0 9+2+0=1c1 6+1+1=8c0 = 815
692 + 236 =	2+6+0=8c0 9+3+0=2c1 6+2+1=9c0 = 928
692 + 349 =	2+9+0=1c1 9+4+1=4c1 6+3+1=0c1 0+0+1=1c0 = 1041
692 + 462 =	2+2+0=4c0 9+6+0=5c1 6+4+1=1c1 0+0+1=1c0 = 1154
692 + 575 =	2+5+0=7c0 9+7+0=6c1 6+5+1=2c1 0+0+1=1c0 = 1267
692 + 688 =	2+8+0=0c1 9+8+1=8c1 6+6+1=3c1 0+0+1=1c0 = 1380
692 + 801 =	2+1+0=3c0 9+0+0=9c0 6+8+0=4c1 0+0+1=1c0 = 1493
692 + 914 =	2+4+0=6c0 9+1+0=0c1 6+9+1=6c1 0+0+1=1c0 = 1606
729 + 10 =	9+0+0=9c0 2+1+0=3c0 7+0+0=7c0 = 739
729 + 123 =	9+3+0=2c1 2+2+1=5c0 7+1+0=8c0 = 852
729 + 236 =	9+6+0=5c1 2+3+1=6c0 7+2+0=9c0 = 965
729 + 349 =	9+9+0=8c1 2+4+1=7c0 7+3+0=0c1 0+0+1=1c0 = 1078
729 + 462 =	9+2+0=1c1 2+6+1=9c0 7+4+0=1c1 0+0+1=1c0 = 1191
729 + 575 =	9+5+0=4c1 2+7+1=0c1 7+5+1=3c1 0+0+1=1c0 = 1304
729 + 688 =	9+8+0=7c1 2+8+1=1c1 7+6+1=4c1 0+0+1=1c0 = 1417
729 + 801 =	9+1+0=0c1 2+0+1=3c0 7+8+0=5c1 0+0+1=1c0 = 1530
729 + 914 =	9+4+0=3c1 2+1+1=4c0 7+9+0=6c1 0+0+1=1c0 = 1643
766 + 10 =	6+0+0=6c0 6+1+0=7c0 7+0+0=7c0 = 776
766 + 123 =	6+3+0=9c0 6+2+0=8c0 7+1+0=8c0 = 889
766 + 236 =	6+6+0=2c1 6+3+1=0c1 7+2+1=0c1 0+0+1=1c0 = 1002
766 + 349 =	6+9+0=5c1 6+4+1=1c1 7+3+1=1c1 0+0+1=1c0 = 1115
766 + 462 =	6+2+0=8c0 6+6+0=2c1 7+4+1=2c1 0+0+1=1c0 = 1228
766 + 575 =	6+5+0=1c1 6+7+1=4c1 7+5+1=3c1 0+0+1=1c0 = 1341
766 + 688 =	6+8+0=4c1 6+8+1=5c1 7+6+1=4c1 0+0+1=1c0 = 1454
766 + 801 =	6+1+0=7c0 6+0+0=6c0 7+8+0=5c1 0+0+1=1c0 = 1567
766 + 914 =	6+4+0=0c1 6+1+1=8c0 7+9+0=6c1 0+0+1=1c0 = 1680
803 + 10 =	3+0+0=3c0 0+1+0=1c0 8+0+0=8c0 = 813
803 + 123 =	3+3+0=6c0 0+2+0=2c0 8+1+0=9c0 = 926
803 + 236 =	3+6+0=9c0 0+3+0=3c0 8+2+0=0c1 0+0+1=1c0 = 1039
803 + 349 =	3+9+0=2c1 0+4+1=5c0 8+3+0=1c1 0+0+1=1c0 = 1152
803 + 462 =	3+2+0=5c0 0+6+0=6c0 8+4+0=2c1 0+0+1=1c0 = 1265
803 + 575 =	3+5+0=8c0 0+7+0=7c0 8+5+0=3c1 0+0+1=1c0 = 1378
803 + 688 =	3+8+0=1c1 0+8+1=9c0 8+6+0=4c1 0+0+1=1c0 = 1491
803 + 801 =	3+1+0=4c0 0+0+0=0c0 8+8+0=6c1 0+0+1=1c0 = 1604
803 + 914 =	3+4+0=7c0 0+1+0=1c0 8+9+0=7c1 0+0+1=1c0 = 1717
840 + 10 =	0+0+0=0c0 4+1+0=5c0 8+0+0=8c0 = 850
840 + 123 =	0+3+0=3c0 4+2+0=6c0 8+1+0=9c0 = 963
840 + 236 =	0+6+0=6c0 4+3+0=7c0 8+2+0=0c1 0+0+1=1c0 = 1076
840 + 349 =	0+9+0=9c0 4+4+0=8c0 8+3+0=1c1 0+0+1=1c0 = 1189
840 + 462 =	0+2+0=2c0 4+6+0=0c1 8+4+1=3c1 0+0+1=1c0 = 1302
840 + 575 =	0+5+0=5c0 4+7+0=1c1 8+5+1=4c1 0+0+1=1c0 = 1415
840 + 688 =	0+8+0=8c0 4+8+0=2c1 8+6+1=5c1 0+0+1=1c0 = 1528
840 + 801 =	0+1+0=1c0 4+0+0=4c0 8+8+0=6c1 0+0+1=1c0 = 1641
840 + 914 =	0+4+0=4c0 4+1+0=5c0 8+9+0=7c1 0+0+1=1c0 = 1754
877 + 10 =	7+0+0=7c0 7+1+0=8c0 8+0+0=8c0 = 887
877 + 123 =	7+3+0=0c1 7+2+1=0c1 8+1+1=0c1 0+0+1=1c0 = 1000
877 + 236 =	7+6+0=3c1 7+3+1=1c1 8+2+1=1c1 0+0+1=1c0 = 1113
877 + 349 =	7+9+0=6c1 7+4+1=2c1 8+3+1=2c1 0+0+1=1c0 = 1226
877 + 462 =	7+2+0=9c0 7+6+0=3c1 8+4+1=3c1 0+0+1=1c0 = 1339
877 + 575 =	7+5+0=2c1 7+7+1=5c1 8+5+1=4c1 0+0+1=1c0 = 1452
877 + 688 =	7+8+0=5c1 7+8+1=6c1 8+6+1=5c1 0+0+1=1c0 = 1565
877 + 801 =	7+1+0=8c0 7+0+0=7c0 8+8+0=6c1 0+0+1=1c0 = 1678
877 + 914 =	7+4+0=1c1 7+1+1=9c0 8+9+0=7c1 0+0+1=1c0 = 1791
914 + 10 =	4+0+0=4c0 1+1+0=2c0 9+0+0=9c0 = 924
914 + 123 =	4+3+0=7c0 1+2+0=3c0 9+1+0=0c1 0+0+1=1c0 = 1037
914 + 236 =	4+6+0=0c1 1+3+1=5c0 9+2+0=1c1 0+0+1=1c0 = 1150
914 + 349 =	4+9+0=3c1 1+4+1=6c0 9+3+0=2c1 0+0+1=1c0 = 1263
914 + 462 =	4+2+0=6c0 1+6+0=7c0 9+4+0=3c1 0+0+1=1c0 = 1376
914 + 575 =	4+5+0=9c0 1+7+0=8c0 9+5+0=4c1 0+0+1=1c0 = 1489
914 + 688 =	4+8+0=2c1 1+8+1=0c1 9+6+1=6c1 0+0+1=1c0 = 1602
914 + 801 =	4+1+0=5c0 1+0+0=1c0 9+8+0=7c1 0+0+1=1c0 = 1715
914 + 914 =	4+4+0=8c0 1+1+0=2c0 9+9+0=8c1 0+0+1=1c0 = 1828
951 + 10 =	1+0+0=1c0 5+1+0=6c0 9+0+0=9c0 = 961
951 + 123 =	1+3+0=4c0 5+2+0=7c0 9+1+0=0c1 0+0+1=1c0 = 1074
951 + 236 =	1+6+0=7c0 5+3+0=8c0 9+2+0=1c1 0+0+1=1c0 = 1187
951 + 349 =	1+9+0=0c1 5+4+1=0c1 9+3+1=3c1 0+0+1=1c0 = 1300
951 + 462 =	1+2+0=3c0 5+6+0=1c1 9+4+1=4c1 0+0+1=1c0 = 1413
951 + 575 =	1+5+0=6c0 5+7+0=2c1 9+5+1=5c1 0+0+1=1c0 = 1526
951 + 688 =	1+8+0=9c0 5+8+0=3c1 9+6+1=6c1 0+0+1=1c0 = 1639
951 + 801 =	1+1+0=2c0 5+0+0=5c0 9+8+0=7c1 0+0+1=1c0 = 1752
951 + 914 =	1+4+0=5c0 5+1+0=6c0 9+9+0=8c1 0+0+1=1c0 = 1865
988 + 10 =	8+0+0=8c0 8+1+0=9c0 9+0+0=9c0 = 998
988 + 123 =	8+3+0=1c1 8+2+1=1c1 9+1+1=1c1 0+0+1=1c0 = 1111
988 + 236 =	8+6+0=4c1 8+3+1=2c1 9+2+1=2c1 0+0+1=1c0 = 1224
988 + 349 =	8+9+0=7c1 8+4+1=3c1 9+3+1=3c1 0+0+1=1c0 = 1337
988 + 462 =	8+2+0=0c1 8+6+1=5c1 9+4+1=4c1 0+0+1=1c0 = 1450
988 + 575 =	8+5+0=3c1 8+7+1=6c1 9+5+1=5c1 0+0+1=1c0 = 1563
988 + 688 =	8+8+0=6c1 8+8+1=7c1 9+6+1=6c1 0+0+1=1c0 = 1676
988 + 801 =	8+1+0=9c0 8+0+0=8c0 9+8+0=7c1 0+0+1=1c0 = 1789
988 + 914 =	8+4+0=2c1 8+1+1=0c1 9+9+1=9c1 0+0+1=1c0 = 1902
