17 * 3 =	7*3+0=1c2 1*3+2=5c0 = 51
85 * 6 =	5*6+0=0c3 8*6+3=1c5 0*6+5=5c0 = 510
28 * 3 =	8*3+0=4c2 2*3+2=8c0 = 84
15 * 3 =	5*3+0=5c1 1*3+1=4c0 = 45
58 * 5 =	8*5+0=0c4 5*5+4=9c2 0*5+2=2c0 = 290
16 * 8 =	6*8+0=8c4 1*8+4=2c1 0*8+1=1c0 = 128
31 * 3 =	1*3+0=3c0 3*3+0=9c0 = 93
15 * 7 =	5*7+0=5c3 1*7+3=0c1 0*7+1=1c0 = 105
40 * 5 =	0*5+0=0c0 4*5+0=0c2 0*5+2=2c0 = 200
10 * 4 =	0*4+0=0c0 1*4+0=4c0 = 40
69 * 4 =	9*4+0=6c3 6*4+3=7c2 0*4+2=2c0 = 276
10 * 7 =	0*7+0=0c0 1*7+0=7c0 = 70
39 * 9 =	9*9+0=1c8 3*9+8=5c3 0*9+3=3c0 = 351
20 * 7 =	0*7+0=0c0 2*7+0=4c1 0*7+1=1c0 = 140
80 * 6 =	0*6+0=0c0 8*6+0=8c4 0*6+4=4c0 = 480
51 * 5 =	1*5+0=5c0 5*5+0=5c2 0*5+2=2c0 = 255
61 * 7 =	1*7+0=7c0 6*7+0=2c4 0*7+4=4c0 = 427
56 * 9 =	6*9+0=4c5 5*9+5=0c5 0*9+5=5c0 = 504
62 * 4 =	2*4+0=8c0 6*4+0=4c2 0*4+2=2c0 = 248
20 * 3 =	0*3+0=0c0 2*3+0=6c0 = 60
75 * 8 =	5*8+0=0c4 7*8+4=0c6 0*8+6=6c0 = 600
25 * 6 =	5*6+0=0c3 2*6+3=5c1 0*6+1=1c0 = 150
23 * 7 =	3*7+0=1c2 2*7+2=6c1 0*7+1=1c0 = 161
41 * 9 =	1*9+0=9c0 4*9+0=6c3 0*9+3=3c0 = 369
29 * 4 =	9*4+0=6c3 2*4+3=1c1 0*4+1=1c0 = 116
93 * 8 =	3*8+0=4c2 9*8+2=4c7 0*8+7=7c0 = 744
29 * 3 =	9*3+0=7c2 2*3+2=8c0 = 87
26 * 4 =	6*4+0=4c2 2*4+2=0c1 0*4+1=1c0 = 104
18 * 4 =	8*4+0=2c3 1*4+3=7c0 = 72
42 * 9 =	2*9+0=8c1 4*9+1=7c3 0*9+3=3c0 = 378
97 * 6 =	7*6+0=2c4 9*6+4=8c5 0*6+5=5c0 = 582
28 * 6 =	8*6+0=8c4 2*6+4=6c1 0*6+1=1c0 = 168
68 * 3 =	8*3+0=4c2 6*3+2=0c2 0*3+2=2c0 = 204
17 * 9 =	7*9+0=3c6 1*9+6=5c1 0*9+1=1c0 = 153
36 * 8 =	6*8+0=8c4 3*8+4=8c2 0*8+2=2c0 = 288
62 * 9 =	2*9+0=8c1 6*9+1=5c5 0*9+5=5c0 = 558
18 * 5 =	8*5+0=0c4 1*5+4=9c0 = 90
90 * 6 =	0*6+0=0c0 9*6+0=4c5 0*6+5=5c0 = 540
78 * 5 =	8*5+0=0c4 7*5+4=9c3 0*5+3=3c0 = 390
44 * 8 =	4*8+0=2c3 4*8+3=5c3 0*8+3=3c0 = 352
45 * 3 =	5*3+0=5c1 4*3+1=3c1 0*3+1=1c0 = 135
23 * 6 =	3*6+0=8c1 2*6+1=3c1 0*6+1=1c0 = 138
78 * 7 =	8*7+0=6c5 7*7+5=4c5 0*7+5=5c0 = 546
69 * 5 =	9*5+0=5c4 6*5+4=4c3 0*5+3=3c0 = 345
24 * 8 =	4*8+0=2c3 2*8+3=9c1 0*8+1=1c0 = 192
16 * 5 =	6*5+0=0c3 1*5+3=8c0 = 80
67 * 3 =	7*3+0=1c2 6*3+2=0c2 0*3+2=2c0 = 201
63 * 6 =	3*6+0=8c1 6*6+1=7c3 0*6+3=3c0 = 378
10 * 3 =	0*3+0=0c0 1*3+0=3c0 = 30
84 * 3 =	4*3+0=2c1 8*3+1=5c2 0*3+2=2c0 = 252
97 * 5 =	7*5+0=5c3 9*5+3=8c4 0*5+4=4c0 = 485
46 * 2 =	6*2+0=2c1 4*2+1=9c0 = 92
37 * 7 =	7*7+0=9c4 3*7+4=5c2 0*7+2=2c0 = 259
58 * 7 =	8*7+0=6c5 5*7+5=0c4 0*7+4=4c0 = 406
95 * 5 =	5*5+0=5c2 9*5+2=7c4 0*5+4=4c0 = 475
57 * 8 =	7*8+0=6c5 5*8+5=5c4 0*8+4=4c0 = 456
50 * 6 =	0*6+0=0c0 5*6+0=0c3 0*6+3=3c0 = 300
79 * 9 =	9*9+0=1c8 7*9+8=1c7 0*9+7=7c0 = 711
56 * 7 =	6*7+0=2c4 5*7+4=9c3 0*7+3=3c0 = 392
85 * 5 =	5*5+0=5c2 8*5+2=2c4 0*5+4=4c0 = 425
78 * 3 =	8*3+0=4c2 7*3+2=3c2 0*3+2=2c0 = 234
55 * 8 =	5*8+0=0c4 5*8+4=4c4 0*8+4=4c0 = 440
77 * 8 =	7*8+0=6c5 7*8+5=1c6 0*8+6=6c0 = 616
94 * 3 =	4*3+0=2c1 9*3+1=8c2 0*3+2=2c0 = 282
50 * 3 =	0*3+0=0c0 5*3+0=5c1 0*3+1=1c0 = 150
13 * 3 =	3*3+0=9c0 1*3+0=3c0 = 39
29 * 7 =	9*7+0=3c6 2*7+6=0c2 0*7+2=2c0 = 203
26 * 7 =	6*7+0=2c4 2*7+4=8c1 0*7+1=1c0 = 182
98 * 8 =	8*8+0=4c6 9*8+6=8c7 0*8+7=7c0 = 784
17 * 6 =	7*6+0=2c4 1*6+4=0c1 0*6+1=1c0 = 102
35 * 5 =	5*5+0=5c2 3*5+2=7c1 0*5+1=1c0 = 175
50 * 9 =	0*9+0=0c0 5*9+0=5c4 0*9+4=4c0 = 450
74 * 8 =	4*8+0=2c3 7*8+3=9c5 0*8+5=5c0 = 592
71 * 9 =	1*9+0=9c0 7*9+0=3c6 0*9+6=6c0 = 639
84 * 2 =	4*2+0=8c0 8*2+0=6c1 0*2+1=1c0 = 168
43 * 5 =	3*5+0=5c1 4*5+1=1c2 0*5+2=2c0 = 215
76 * 3 =	6*3+0=8c1 7*3+1=2c2 0*3+2=2c0 = 228
74 * 5 =	4*5+0=0c2 7*5+2=7c3 0*5+3=3c0 = 370
27 * 7 =	7*7+0=9c4 2*7+4=8c1 0*7+1=1c0 = 189
50 * 4 =	0*4+0=0c0 5*4+0=0c2 0*4+2=2c0 = 200
61 * 8 =	1*8+0=8c0 6*8+0=8c4 0*8+4=4c0 = 488
48 * 2 =	8*2+0=6c1 4*2+1=9c0 = 96
96 * 7 =	6*7+0=2c4 9*7+4=7c6 0*7+6=6c0 = 672
65 * 4 =	5*4+0=0c2 6*4+2=6c2 0*4+2=2c0 = 260
76 * 6 =	6*6+0=6c3 7*6+3=5c4 0*6+4=4c0 = 456
21 * 9 =	1*9+0=9c0 2*9+0=8c1 0*9+1=1c0 = 189
38 * 5 =	8*5+0=0c4 3*5+4=9c1 0*5+1=1c0 = 190
60 * 9 =	0*9+0=0c0 6*9+0=4c5 0*9+5=5c0 = 540
82 * 7 =	2*7+0=4c1 8*7+1=7c5 0*7+5=5c0 = 574
92 * 9 =	2*9+0=8c1 9*9+1=2c8 0*9+8=8c0 = 828
29 * 2 =	9*2+0=8c1 2*2+1=5c0 = 58
78 * 6 =	8*6+0=8c4 7*6+4=6c4 0*6+4=4c0 = 468
81 * 9 =	1*9+0=9c0 8*9+0=2c7 0*9+7=7c0 = 729
31 * 7 =	1*7+0=7c0 3*7+0=1c2 0*7+2=2c0 = 217
51 * 4 =	1*4+0=4c0 5*4+0=0c2 0*4+2=2c0 = 204
35 * 9 =	5*9+0=5c4 3*9+4=1c3 0*9+3=3c0 = 315
59 * 8 =	9*8+0=2c7 5*8+7=7c4 0*8+4=4c0 = 472
19 * 9 =	9*9+0=1c8 1*9+8=7c1 0*9+1=1c0 = 171
55 * 2 =	5*2+0=0c1 5*2+1=1c1 0*2+1=1c0 = 110
37 * 5 =	7*5+0=5c3 3*5+3=8c1 0*5+1=1c0 = 185
53 * 9 =	3*9+0=7c2 5*9+2=7c4 0*9+4=4c0 = 477
77 * 3 =	7*3+0=1c2 7*3+2=3c2 0*3+2=2c0 = 231
51 * 8 =	1*8+0=8c0 5*8+0=0c4 0*8+4=4c0 = 408
26 * 6 =	6*6+0=6c3 2*6+3=5c1 0*6+1=1c0 = 156
88 * 5 =	8*5+0=0c4 8*5+4=4c4 0*5+4=4c0 = 440
84 * 8 =	4*8+0=2c3 8*8+3=7c6 0*8+6=6c0 = 672
92 * 2 =	2*2+0=4c0 9*2+0=8c1 0*2+1=1c0 = 184
58 * 4 =	8*4+0=2c3 5*4+3=3c2 0*4+2=2c0 = 232
18 * 2 =	8*2+0=6c1 1*2+1=3c0 = 36
22 * 8 =	2*8+0=6c1 2*8+1=7c1 0*8+1=1c0 = 176
65 * 3 =	5*3+0=5c1 6*3+1=9c1 0*3+1=1c0 = 195
46 * 6 =	6*6+0=6c3 4*6+3=7c2 0*6+2=2c0 = 276
33 * 6 =	3*6+0=8c1 3*6+1=9c1 0*6+1=1c0 = 198
46 * 8 =	6*8+0=8c4 4*8+4=6c3 0*8+3=3c0 = 368
47 * 6 =	7*6+0=2c4 4*6+4=8c2 0*6+2=2c0 = 282
53 * 4 =	3*4+0=2c1 5*4+1=1c2 0*4+2=2c0 = 212
42 * 6 =	2*6+0=2c1 4*6+1=5c2 0*6+2=2c0 = 252
17 * 2 =	7*2+0=4c1 1*2+1=3c0 = 34
84 * 5 =	4*5+0=0c2 8*5+2=2c4 0*5+4=4c0 = 420
83 * 5 =	3*5+0=5c1 8*5+1=1c4 0*5+4=4c0 = 415
12 * 2 =	2*2+0=4c0 1*2+0=2c0 = 24
97 * 4 =	7*4+0=8c2 9*4+2=8c3 0*4+3=3c0 = 388
15 * 5 =	5*5+0=5c2 1*5+2=7c0 = 75
39 * 5 =	9*5+0=5c4 3*5+4=9c1 0*5+1=1c0 = 195
60 * 4 =	0*4+0=0c0 6*4+0=4c2 0*4+2=2c0 = 240
41 * 6 =	1*6+0=6c0 4*6+0=4c2 0*6+2=2c0 = 246
59 * 6 =	9*6+0=4c5 5*6+5=5c3 0*6+3=3c0 = 354
21 * 8 =	1*8+0=8c0 2*8+0=6c1 0*8+1=1c0 = 168
49 * 4 =	9*4+0=6c3 4*4+3=9c1 0*4+1=1c0 = 196
98 * 6 =	8*6+0=8c4 9*6+4=8c5 0*6+5=5c0 = 588
55 * 4 =	5*4+0=0c2 5*4+2=2c2 0*4+2=2c0 = 220
99 * 5 =	9*5+0=5c4 9*5+4=9c4 0*5+4=4c0 = 495
51 * 7 =	1*7+0=7c0 5*7+0=5c3 0*7+3=3c0 = 357
56 * 3 =	6*3+0=8c1 5*3+1=6c1 0*3+1=1c0 = 168
95 * 3 =	5*3+0=5c1 9*3+1=8c2 0*3+2=2c0 = 285
24 * 4 =	4*4+0=6c1 2*4+1=9c0 = 96
60 * 2 =	0*2+0=0c0 6*2+0=2c1 0*2+1=1c0 = 120
57 * 9 =	7*9+0=3c6 5*9+6=1c5 0*9+5=5c0 = 513
32 * 5 =	2*5+0=0c1 3*5+1=6c1 0*5+1=1c0 = 160
26 * 2 =	6*2+0=2c1 2*2+1=5c0 = 52
57 * 5 =	7*5+0=5c3 5*5+3=8c2 0*5+2=2c0 = 285
11 * 8 =	1*8+0=8c0 1*8+0=8c0 = 88
72 * 4 =	2*4+0=8c0 7*4+0=8c2 0*4+2=2c0 = 288
87 * 9 =	7*9+0=3c6 8*9+6=8c7 0*9+7=7c0 = 783
81 * 2 =	1*2+0=2c0 8*2+0=6c1 0*2+1=1c0 = 162
99 * 7 =	9*7+0=3c6 9*7+6=9c6 0*7+6=6c0 = 693
77 * 7 =	7*7+0=9c4 7*7+4=3c5 0*7+5=5c0 = 539
94 * 6 =	4*6+0=4c2 9*6+2=6c5 0*6+5=5c0 = 564
12 * 5 =	2*5+0=0c1 1*5+1=6c0 = 60
20 * 2 =	0*2+0=0c0 2*2+0=4c0 = 40
16 * 3 =	6*3+0=8c1 1*3+1=4c0 = 48
57 * 2 =	7*2+0=4c1 5*2+1=1c1 0*2+1=1c0 = 114
26 * 9 =	6*9+0=4c5 2*9+5=3c2 0*9+2=2c0 = 234
10 * 2 =	0*2+0=0c0 1*2+0=2c0 = 20
38 * 3 =	8*3+0=4c2 3*3+2=1c1 0*3+1=1c0 = 114
81 * 3 =	1*3+0=3c0 8*3+0=4c2 0*3+2=2c0 = 243
83 * 6 =	3*6+0=8c1 8*6+1=9c4 0*6+4=4c0 = 498
48 * 9 =	8*9+0=2c7 4*9+7=3c4 0*9+4=4c0 = 432
27 * 6 =	7*6+0=2c4 2*6+4=6c1 0*6+1=1c0 = 162
30 * 2 =	0*2+0=0c0 3*2+0=6c0 = 60
33 * 8 =	3*8+0=4c2 3*8+2=6c2 0*8+2=2c0 = 264
59 * 3 =	9*3+0=7c2 5*3+2=7c1 0*3+1=1c0 = 177
41 * 7 =	1*7+0=7c0 4*7+0=8c2 0*7+2=2c0 = 287
71 * 7 =	1*7+0=7c0 7*7+0=9c4 0*7+4=4c0 = 497
36 * 4 =	6*4+0=4c2 3*4+2=4c1 0*4+1=1c0 = 144
85 * 7 =	5*7+0=5c3 8*7+3=9c5 0*7+5=5c0 = 595
54 * 9 =	4*9+0=6c3 5*9+3=8c4 0*9+4=4c0 = 486
52 * 3 =	2*3+0=6c0 5*3+0=5c1 0*3+1=1c0 = 156
49 * 7 =	9*7+0=3c6 4*7+6=4c3 0*7+3=3c0 = 343
29 * 5 =	9*5+0=5c4 2*5+4=4c1 0*5+1=1c0 = 145
85 * 4 =	5*4+0=0c2 8*4+2=4c3 0*4+3=3c0 = 340
21 * 2 =	1*2+0=2c0 2*2+0=4c0 = 42
81 * 8 =	1*8+0=8c0 8*8+0=4c6 0*8+6=6c0 = 648
35 * 4 =	5*4+0=0c2 3*4+2=4c1 0*4+1=1c0 = 140
64 * 4 =	4*4+0=6c1 6*4+1=5c2 0*4+2=2c0 = 256
88 * 2 =	8*2+0=6c1 8*2+1=7c1 0*2+1=1c0 = 176
79 * 7 =	9*7+0=3c6 7*7+6=5c5 0*7+5=5c0 = 553
48 * 4 =	8*4+0=2c3 4*4+3=9c1 0*4+1=1c0 = 192
70 * 7 =	0*7+0=0c0 7*7+0=9c4 0*7+4=4c0 = 490
47 * 4 =	7*4+0=8c2 4*4+2=8c1 0*4+1=1c0 = 188
73 * 7 =	3*7+0=1c2 7*7+2=1c5 0*7+5=5c0 = 511
51 * 2 =	1*2+0=2c0 5*2+0=0c1 0*2+1=1c0 = 102
89 * 5 =	9*5+0=5c4 8*5+4=4c4 0*5+4=4c0 = 445
13 * 6 =	3*6+0=8c1 1*6+1=7c0 = 78
12 * 3 =	2*3+0=6c0 1*3+0=3c0 = 36
73 * 8 =	3*8+0=4c2 7*8+2=8c5 0*8+5=5c0 = 584
33 * 5 =	3*5+0=5c1 3*5+1=6c1 0*5+1=1c0 = 165
87 * 7 =	7*7+0=9c4 8*7+4=0c6 0*7+6=6c0 = 609
76 * 2 =	6*2+0=2c1 7*2+1=5c1 0*2+1=1c0 = 152
57 * 4 =	7*4+0=8c2 5*4+2=2c2 0*4+2=2c0 = 228
63 * 4 =	3*4+0=2c1 6*4+1=5c2 0*4+2=2c0 = 252
70 * 9 =	0*9+0=0c0 7*9+0=3c6 0*9+6=6c0 = 630
62 * 7 =	2*7+0=4c1 6*7+1=3c4 0*7+4=4c0 = 434
86 * 4 =	6*4+0=4c2 8*4+2=4c3 0*4+3=3c0 = 344
30 * 5 =	0*5+0=0c0 3*5+0=5c1 0*5+1=1c0 = 150
31 * 5 =	1*5+0=5c0 3*5+0=5c1 0*5+1=1c0 = 155
58 * 3 =	8*3+0=4c2 5*3+2=7c1 0*3+1=1c0 = 174
84 * 4 =	4*4+0=6c1 8*4+1=3c3 0*4+3=3c0 = 336
90 * 4 =	0*4+0=0c0 9*4+0=6c3 0*4+3=3c0 = 360
22 * 6 =	2*6+0=2c1 2*6+1=3c1 0*6+1=1c0 = 132
62 * 6 =	2*6+0=2c1 6*6+1=7c3 0*6+3=3c0 = 372
53 * 3 =	3*3+0=9c0 5*3+0=5c1 0*3+1=1c0 = 159
75 * 7 =	5*7+0=5c3 7*7+3=2c5 0*7+5=5c0 = 525
95 * 9 =	5*9+0=5c4 9*9+4=5c8 0*9+8=8c0 = 855
89 * 2 =	9*2+0=8c1 8*2+1=7c1 0*2+1=1c0 = 178
54 * 4 =	4*4+0=6c1 5*4+1=1c2 0*4+2=2c0 = 216
86 * 2 =	6*2+0=2c1 8*2+1=7c1 0*2+1=1c0 = 172
90 * 5 =	0*5+0=0c0 9*5+0=5c4 0*5+4=4c0 = 450
61 * 5 =	1*5+0=5c0 6*5+0=0c3 0*5+3=3c0 = 305
45 * 5 =	5*5+0=5c2 4*5+2=2c2 0*5+2=2c0 = 225
89 * 9 =	9*9+0=1c8 8*9+8=0c8 0*9+8=8c0 = 801
88 * 3 =	8*3+0=4c2 8*3+2=6c2 0*3+2=2c0 = 264
76 * 4 =	6*4+0=4c2 7*4+2=0c3 0*4+3=3c0 = 304
92 * 6 =	2*6+0=2c1 9*6+1=5c5 0*6+5=5c0 = 552
93 * 7 =	3*7+0=1c2 9*7+2=5c6 0*7+6=6c0 = 651
95 * 2 =	5*2+0=0c1 9*2+1=9c1 0*2+1=1c0 = 190
28 * 2 =	8*2+0=6c1 2*2+1=5c0 = 56
49 * 2 =	9*2+0=8c1 4*2+1=9c0 = 98
34 * 7 =	4*7+0=8c2 3*7+2=3c2 0*7+2=2c0 = 238
38 * 7 =	8*7+0=6c5 3*7+5=6c2 0*7+2=2c0 = 266
28 * 4 =	8*4+0=2c3 2*4+3=1c1 0*4+1=1c0 = 112
17 * 8 =	7*8+0=6c5 1*8+5=3c1 0*8+1=1c0 = 136
52 * 7 =	2*7+0=4c1 5*7+1=6c3 0*7+3=3c0 = 364
93 * 3 =	3*3+0=9c0 9*3+0=7c2 0*3+2=2c0 = 279
57 * 6 =	7*6+0=2c4 5*6+4=4c3 0*6+3=3c0 = 342
21 * 6 =	1*6+0=6c0 2*6+0=2c1 0*6+1=1c0 = 126
47 * 8 =	7*8+0=6c5 4*8+5=7c3 0*8+3=3c0 = 376
42 * 8 =	2*8+0=6c1 4*8+1=3c3 0*8+3=3c0 = 336
88 * 8 =	8*8+0=4c6 8*8+6=0c7 0*8+7=7c0 = 704
25 * 7 =	5*7+0=5c3 2*7+3=7c1 0*7+1=1c0 = 175
87 * 5 =	7*5+0=5c3 8*5+3=3c4 0*5+4=4c0 = 435
31 * 2 =	1*2+0=2c0 3*2+0=6c0 = 62
20 * 4 =	0*4+0=0c0 2*4+0=8c0 = 80
78 * 8 =	8*8+0=4c6 7*8+6=2c6 0*8+6=6c0 = 624
80 * 9 =	0*9+0=0c0 8*9+0=2c7 0*9+7=7c0 = 720
58 * 8 =	8*8+0=4c6 5*8+6=6c4 0*8+4=4c0 = 464
14 * 7 =	4*7+0=8c2 1*7+2=9c0 = 98
70 * 2 =	0*2+0=0c0 7*2+0=4c1 0*2+1=1c0 = 140
94 * 7 =	4*7+0=8c2 9*7+2=5c6 0*7+6=6c0 = 658
76 * 5 =	6*5+0=0c3 7*5+3=8c3 0*5+3=3c0 = 380
50 * 2 =	0*2+0=0c0 5*2+0=0c1 0*2+1=1c0 = 100
65 * 5 =	5*5+0=5c2 6*5+2=2c3 0*5+3=3c0 = 325
25 * 8 =	5*8+0=0c4 2*8+4=0c2 0*8+2=2c0 = 200
30 * 6 =	0*6+0=0c0 3*6+0=8c1 0*6+1=1c0 = 180
99 * 9 =	9*9+0=1c8 9*9+8=9c8 0*9+8=8c0 = 891
36 * 2 =	6*2+0=2c1 3*2+1=7c0 = 72
53 * 6 =	3*6+0=8c1 5*6+1=1c3 0*6+3=3c0 = 318
16 * 2 =	6*2+0=2c1 1*2+1=3c0 = 32
63 * 9 =	3*9+0=7c2 6*9+2=6c5 0*9+5=5c0 = 567
25 * 5 =	5*5+0=5c2 2*5+2=2c1 0*5+1=1c0 = 125
82 * 3 =	2*3+0=6c0 8*3+0=4c2 0*3+2=2c0 = 246
83 * 7 =	3*7+0=1c2 8*7+2=8c5 0*7+5=5c0 = 581
49 * 5 =	9*5+0=5c4 4*5+4=4c2 0*5+2=2c0 = 245
32 * 6 =	2*6+0=2c1 3*6+1=9c1 0*6+1=1c0 = 192
86 * 7 =	6*7+0=2c4 8*7+4=0c6 0*7+6=6c0 = 602
37 * 9 =	7*9+0=3c6 3*9+6=3c3 0*9+3=3c0 = 333
40 * 6 =	0*6+0=0c0 4*6+0=4c2 0*6+2=2c0 = 240
91 * 5 =	1*5+0=5c0 9*5+0=5c4 0*5+4=4c0 = 455
38 * 9 =	8*9+0=2c7 3*9+7=4c3 0*9+3=3c0 = 342
57 * 3 =	7*3+0=1c2 5*3+2=7c1 0*3+1=1c0 = 171
72 * 7 =	2*7+0=4c1 7*7+1=0c5 0*7+5=5c0 = 504
83 * 2 =	3*2+0=6c0 8*2+0=6c1 0*2+1=1c0 = 166
73 * 4 =	3*4+0=2c1 7*4+1=9c2 0*4+2=2c0 = 292
88 * 9 =	8*9+0=2c7 8*9+7=9c7 0*9+7=7c0 = 792
32 * 4 =	2*4+0=8c0 3*4+0=2c1 0*4+1=1c0 = 128
28 * 8 =	8*8+0=4c6 2*8+6=2c2 0*8+2=2c0 = 224
43 * 3 =	3*3+0=9c0 4*3+0=2c1 0*3+1=1c0 = 129
66 * 3 =	6*3+0=8c1 6*3+1=9c1 0*3+1=1c0 = 198
22 * 9 =	2*9+0=8c1 2*9+1=9c1 0*9+1=1c0 = 198
87 * 8 =	7*8+0=6c5 8*8+5=9c6 0*8+6=6c0 = 696
22 * 4 =	2*4+0=8c0 2*4+0=8c0 = 88
79 * 3 =	9*3+0=7c2 7*3+2=3c2 0*3+2=2c0 = 237
69 * 8 =	9*8+0=2c7 6*8+7=5c5 0*8+5=5c0 = 552
19 * 3 =	9*3+0=7c2 1*3+2=5c0 = 57
61 * 3 =	1*3+0=3c0 6*3+0=8c1 0*3+1=1c0 = 183
46 * 5 =	6*5+0=0c3 4*5+3=3c2 0*5+2=2c0 = 230
77 * 9 =	7*9+0=3c6 7*9+6=9c6 0*9+6=6c0 = 693
80 * 7 =	0*7+0=0c0 8*7+0=6c5 0*7+5=5c0 = 560
59 * 5 =	9*5+0=5c4 5*5+4=9c2 0*5+2=2c0 = 295
94 * 5 =	4*5+0=0c2 9*5+2=7c4 0*5+4=4c0 = 470
26 * 8 =	6*8+0=8c4 2*8+4=0c2 0*8+2=2c0 = 208
27 * 3 =	7*3+0=1c2 2*3+2=8c0 = 81
16 * 7 =	6*7+0=2c4 1*7+4=1c1 0*7+1=1c0 = 112
34 * 5 =	4*5+0=0c2 3*5+2=7c1 0*5+1=1c0 = 170
23 * 2 =	3*2+0=6c0 2*2+0=4c0 = 46
49 * 3 =	9*3+0=7c2 4*3+2=4c1 0*3+1=1c0 = 147
59 * 7 =	9*7+0=3c6 5*7+6=1c4 0*7+4=4c0 = 413
51 * 9 =	1*9+0=9c0 5*9+0=5c4 0*9+4=4c0 = 459
97 * 7 =	7*7+0=9c4 9*7+4=7c6 0*7+6=6c0 = 679
63 * 2 =	3*2+0=6c0 6*2+0=2c1 0*2+1=1c0 = 126
47 * 2 =	7*2+0=4c1 4*2+1=9c0 = 94
95 * 8 =	5*8+0=0c4 9*8+4=6c7 0*8+7=7c0 = 760
91 * 7 =	1*7+0=7c0 9*7+0=3c6 0*7+6=6c0 = 637
21 * 3 =	1*3+0=3c0 2*3+0=6c0 = 63
69 * 9 =	9*9+0=1c8 6*9+8=2c6 0*9+6=6c0 = 621
55 * 9 =	5*9+0=5c4 5*9+4=9c4 0*9+4=4c0 = 495
31 * 4 =	1*4+0=4c0 3*4+0=2c1 0*4+1=1c0 = 124
52 * 6 =	2*6+0=2c1 5*6+1=1c3 0*6+3=3c0 = 312
50 * 5 =	0*5+0=0c0 5*5+0=5c2 0*5+2=2c0 = 250
80 * 4 =	0*4+0=0c0 8*4+0=2c3 0*4+3=3c0 = 320
35 * 7 =	5*7+0=5c3 3*7+3=4c2 0*7+2=2c0 = 245
88 * 7 =	8*7+0=6c5 8*7+5=1c6 0*7+6=6c0 = 616
91 * 9 =	1*9+0=9c0 9*9+0=1c8 0*9+8=8c0 = 819
86 * 8 =	6*8+0=8c4 8*8+4=8c6 0*8+6=6c0 = 688
82 * 9 =	2*9+0=8c1 8*9+1=3c7 0*9+7=7c0 = 738
82 * 5 =	2*5+0=0c1 8*5+1=1c4 0*5+4=4c0 = 410
36 * 5 =	6*5+0=0c3 3*5+3=8c1 0*5+1=1c0 = 180
34 * 8 =	4*8+0=2c3 3*8+3=7c2 0*8+2=2c0 = 272
63 * 8 =	3*8+0=4c2 6*8+2=0c5 0*8+5=5c0 = 504
27 * 5 =	7*5+0=5c3 2*5+3=3c1 0*5+1=1c0 = 135
37 * 2 =	7*2+0=4c1 3*2+1=7c0 = 74
72 * 2 =	2*2+0=4c0 7*2+0=4c1 0*2+1=1c0 = 144
53 * 5 =	3*5+0=5c1 5*5+1=6c2 0*5+2=2c0 = 265
14 * 4 =	4*4+0=6c1 1*4+1=5c0 = 56
65 * 8 =	5*8+0=0c4 6*8+4=2c5 0*8+5=5c0 = 520
63 * 7 =	3*7+0=1c2 6*7+2=4c4 0*7+4=4c0 = 441
98 * 7 =	8*7+0=6c5 9*7+5=8c6 0*7+6=6c0 = 686
39 * 4 =	9*4+0=6c3 3*4+3=5c1 0*4+1=1c0 = 156
16 * 6 =	6*6+0=6c3 1*6+3=9c0 = 96
14 * 5 =	4*5+0=0c2 1*5+2=7c0 = 70
79 * 2 =	9*2+0=8c1 7*2+1=5c1 0*2+1=1c0 = 158
81 * 5 =	1*5+0=5c0 8*5+0=0c4 0*5+4=4c0 = 405
35 * 8 =	5*8+0=0c4 3*8+4=8c2 0*8+2=2c0 = 280
18 * 6 =	8*6+0=8c4 1*6+4=0c1 0*6+1=1c0 = 108
96 * 6 =	6*6+0=6c3 9*6+3=7c5 0*6+5=5c0 = 576
12 * 9 =	2*9+0=8c1 1*9+1=0c1 0*9+1=1c0 = 108
78 * 4 =	8*4+0=2c3 7*4+3=1c3 0*4+3=3c0 = 312
90 * 9 =	0*9+0=0c0 9*9+0=1c8 0*9+8=8c0 = 810
43 * 2 =	3*2+0=6c0 4*2+0=8c0 = 86
40 * 8 =	0*8+0=0c0 4*8+0=2c3 0*8+3=3c0 = 320
70 * 6 =	0*6+0=0c0 7*6+0=2c4 0*6+4=4c0 = 420
93 * 2 =	3*2+0=6c0 9*2+0=8c1 0*2+1=1c0 = 186
90 * 3 =	0*3+0=0c0 9*3+0=7c2 0*3+2=2c0 = 270
20 * 6 =	0*6+0=0c0 2*6+0=2c1 0*6+1=1c0 = 120
23 * 5 =	3*5+0=5c1 2*5+1=1c1 0*5+1=1c0 = 115
31 * 6 =	1*6+0=6c0 3*6+0=8c1 0*6+1=1c0 = 186
65 * 9 =	5*9+0=5c4 6*9+4=8c5 0*9+5=5c0 = 585
36 * 9 =	6*9+0=4c5 3*9+5=2c3 0*9+3=3c0 = 324
75 * 5 =	5*5+0=5c2 7*5+2=7c3 0*5+3=3c0 = 375
33 * 3 =	3*3+0=9c0 3*3+0=9c0 = 99
26 * 3 =	6*3+0=8c1 2*3+1=7c0 = 78
17 * 7 =	7*7+0=9c4 1*7+4=1c1 0*7+1=1c0 = 119
71 * 5 =	1*5+0=5c0 7*5+0=5c3 0*5+3=3c0 = 355
11 * 5 =	1*5+0=5c0 1*5+0=5c0 = 55
77 * 4 =	7*4+0=8c2 7*4+2=0c3 0*4+3=3c0 = 308
49 * 9 =	9*9+0=1c8 4*9+8=4c4 0*9+4=4c0 = 441
17 * 5 =	7*5+0=5c3 1*5+3=8c0 = 85
85 * 8 =	5*8+0=0c4 8*8+4=8c6 0*8+6=6c0 = 680
40 * 7 =	0*7+0=0c0 4*7+0=8c2 0*7+2=2c0 = 280
44 * 6 =	4*6+0=4c2 4*6+2=6c2 0*6+2=2c0 = 264
32 * 7 =	2*7+0=4c1 3*7+1=2c2 0*7+2=2c0 = 224
66 * 9 =	6*9+0=4c5 6*9+5=9c5 0*9+5=5c0 = 594
82 * 8 =	2*8+0=6c1 8*8+1=5c6 0*8+6=6c0 = 656
69 * 2 =	9*2+0=8c1 6*2+1=3c1 0*2+1=1c0 = 138
74 * 2 =	4*2+0=8c0 7*2+0=4c1 0*2+1=1c0 = 148
96 * 3 =	6*3+0=8c1 9*3+1=8c2 0*3+2=2c0 = 288
20 * 8 =	0*8+0=0c0 2*8+0=6c1 0*8+1=1c0 = 160
13 * 9 =	3*9+0=7c2 1*9+2=1c1 0*9+1=1c0 = 117
25 * 2 =	5*2+0=0c1 2*2+1=5c0 = 50
23 * 3 =	3*3+0=9c0 2*3+0=6c0 = 69
28 * 9 =	8*9+0=2c7 2*9+7=5c2 0*9+2=2c0 = 252
83 * 4 =	3*4+0=2c1 8*4+1=3c3 0*4+3=3c0 = 332
75 * 4 =	5*4+0=0c2 7*4+2=0c3 0*4+3=3c0 = 300
30 * 3 =	0*3+0=0c0 3*3+0=9c0 = 90
75 * 6 =	5*6+0=0c3 7*6+3=5c4 0*6+4=4c0 = 450
88 * 6 =	8*6+0=8c4 8*6+4=2c5 0*6+5=5c0 = 528
98 * 4 =	8*4+0=2c3 9*4+3=9c3 0*4+3=3c0 = 392
33 * 7 =	3*7+0=1c2 3*7+2=3c2 0*7+2=2c0 = 231
37 * 8 =	7*8+0=6c5 3*8+5=9c2 0*8+2=2c0 = 296
46 * 7 =	6*7+0=2c4 4*7+4=2c3 0*7+3=3c0 = 322
44 * 7 =	4*7+0=8c2 4*7+2=0c3 0*7+3=3c0 = 308
60 * 7 =	0*7+0=0c0 6*7+0=2c4 0*7+4=4c0 = 420
95 * 6 =	5*6+0=0c3 9*6+3=7c5 0*6+5=5c0 = 570
15 * 4 =	5*4+0=0c2 1*4+2=6c0 = 60
12 * 6 =	2*6+0=2c1 1*6+1=7c0 = 72
75 * 2 =	5*2+0=0c1 7*2+1=5c1 0*2+1=1c0 = 150
39 * 3 =	9*3+0=7c2 3*3+2=1c1 0*3+1=1c0 = 117
98 * 3 =	8*3+0=4c2 9*3+2=9c2 0*3+2=2c0 = 294
30 * 8 =	0*8+0=0c0 3*8+0=4c2 0*8+2=2c0 = 240
74 * 7 =	4*7+0=8c2 7*7+2=1c5 0*7+5=5c0 = 518
42 * 5 =	2*5+0=0c1 4*5+1=1c2 0*5+2=2c0 = 210
79 * 8 =	9*8+0=2c7 7*8+7=3c6 0*8+6=6c0 = 632
72 * 8 =	2*8+0=6c1 7*8+1=7c5 0*8+5=5c0 = 576
77 * 2 =	7*2+0=4c1 7*2+1=5c1 0*2+1=1c0 = 154
72 * 6 =	2*6+0=2c1 7*6+1=3c4 0*6+4=4c0 = 432
68 * 4 =	8*4+0=2c3 6*4+3=7c2 0*4+2=2c0 = 272
24 * 7 =	4*7+0=8c2 2*7+2=6c1 0*7+1=1c0 = 168
82 * 4 =	2*4+0=8c0 8*4+0=2c3 0*4+3=3c0 = 328
41 * 2 =	1*2+0=2c0 4*2+0=8c0 = 82
35 * 6 =	5*6+0=0c3 3*6+3=1c2 0*6+2=2c0 = 210
52 * 9 =	2*9+0=8c1 5*9+1=6c4 0*9+4=4c0 = 468
91 * 4 =	1*4+0=4c0 9*4+0=6c3 0*4+3=3c0 = 364
75 * 9 =	5*9+0=5c4 7*9+4=7c6 0*9+6=6c0 = 675
38 * 2 =	8*2+0=6c1 3*2+1=7c0 = 76
22 * 5 =	2*5+0=0c1 2*5+1=1c1 0*5+1=1c0 = 110
61 * 4 =	1*4+0=4c0 6*4+0=4c2 0*4+2=2c0 = 244
37 * 4 =	7*4+0=8c2 3*4+2=4c1 0*4+1=1c0 = 148
93 * 5 =	3*5+0=5c1 9*5+1=6c4 0*5+4=4c0 = 465
74 * 6 =	4*6+0=4c2 7*6+2=4c4 0*6+4=4c0 = 444
44 * 2 =	4*2+0=8c0 4*2+0=8c0 = 88
45 * 4 =	5*4+0=0c2 4*4+2=8c1 0*4+1=1c0 = 180
94 * 8 =	4*8+0=2c3 9*8+3=5c7 0*8+7=7c0 = 752
14 * 3 =	4*3+0=2c1 1*3+1=4c0 = 42
24 * 2 =	4*2+0=8c0 2*2+0=4c0 = 48
76 * 7 =	6*7+0=2c4 7*7+4=3c5 0*7+5=5c0 = 532
54 * 5 =	4*5+0=0c2 5*5+2=7c2 0*5+2=2c0 = 270
56 * 4 =	6*4+0=4c2 5*4+2=2c2 0*4+2=2c0 = 224
67 * 4 =	7*4+0=8c2 6*4+2=6c2 0*4+2=2c0 = 268
57 * 7 =	7*7+0=9c4 5*7+4=9c3 0*7+3=3c0 = 399
93 * 4 =	3*4+0=2c1 9*4+1=7c3 0*4+3=3c0 = 372
42 * 4 =	2*4+0=8c0 4*4+0=6c1 0*4+1=1c0 = 168
64 * 7 =	4*7+0=8c2 6*7+2=4c4 0*7+4=4c0 = 448
81 * 4 =	1*4+0=4c0 8*4+0=2c3 0*4+3=3c0 = 324
73 * 6 =	3*6+0=8c1 7*6+1=3c4 0*6+4=4c0 = 438
64 * 3 =	4*3+0=2c1 6*3+1=9c1 0*3+1=1c0 = 192
79 * 5 =	9*5+0=5c4 7*5+4=9c3 0*5+3=3c0 = 395
41 * 4 =	1*4+0=4c0 4*4+0=6c1 0*4+1=1c0 = 164
68 * 5 =	8*5+0=0c4 6*5+4=4c3 0*5+3=3c0 = 340
77 * 5 =	7*5+0=5c3 7*5+3=8c3 0*5+3=3c0 = 385
43 * 6 =	3*6+0=8c1 4*6+1=5c2 0*6+2=2c0 = 258
133 * 4 =	3*4+0=2c1 3*4+1=3c1 1*4+1=5c0 = 532
395 * 6 =	5*6+0=0c3 9*6+3=7c5 3*6+5=3c2 0*6+2=2c0 = 2370
224 * 9 =	4*9+0=6c3 2*9+3=1c2 2*9+2=0c2 0*9+2=2c0 = 2016
543 * 9 =	3*9+0=7c2 4*9+2=8c3 5*9+3=8c4 0*9+4=4c0 = 4887
592 * 4 =	2*4+0=8c0 9*4+0=6c3 5*4+3=3c2 0*4+2=2c0 = 2368
494 * 7 =	4*7+0=8c2 9*7+2=5c6 4*7+6=4c3 0*7+3=3c0 = 3458
934 * 5 =	4*5+0=0c2 3*5+2=7c1 9*5+1=6c4 0*5+4=4c0 = 4670
520 * 3 =	0*3+0=0c0 2*3+0=6c0 5*3+0=5c1 0*3+1=1c0 = 1560
362 * 7 =	2*7+0=4c1 6*7+1=3c4 3*7+4=5c2 0*7+2=2c0 = 2534
871 * 5 =	1*5+0=5c0 7*5+0=5c3 8*5+3=3c4 0*5+4=4c0 = 4355
579 * 7 =	9*7+0=3c6 7*7+6=5c5 5*7+5=0c4 0*7+4=4c0 = 4053
982 * 9 =	2*9+0=8c1 8*9+1=3c7 9*9+7=8c8 0*9+8=8c0 = 8838
119 * 4 =	9*4+0=6c3 1*4+3=7c0 1*4+0=4c0 = 476
588 * 7 =	8*7+0=6c5 8*7+5=1c6 5*7+6=1c4 0*7+4=4c0 = 4116
407 * 9 =	7*9+0=3c6 0*9+6=6c0 4*9+0=6c3 0*9+3=3c0 = 3663
756 * 5 =	6*5+0=0c3 5*5+3=8c2 7*5+2=7c3 0*5+3=3c0 = 3780
547 * 3 =	7*3+0=1c2 4*3+2=4c1 5*3+1=6c1 0*3+1=1c0 = 1641
421 * 6 =	1*6+0=6c0 2*6+0=2c1 4*6+1=5c2 0*6+2=2c0 = 2526
221 * 8 =	1*8+0=8c0 2*8+0=6c1 2*8+1=7c1 0*8+1=1c0 = 1768
244 * 7 =	4*7+0=8c2 4*7+2=0c3 2*7+3=7c1 0*7+1=1c0 = 1708
937 * 4 =	7*4+0=8c2 3*4+2=4c1 9*4+1=7c3 0*4+3=3c0 = 3748
126 * 3 =	6*3+0=8c1 2*3+1=7c0 1*3+0=3c0 = 378
443 * 8 =	3*8+0=4c2 4*8+2=4c3 4*8+3=5c3 0*8+3=3c0 = 3544
148 * 2 =	8*2+0=6c1 4*2+1=9c0 1*2+0=2c0 = 296
486 * 7 =	6*7+0=2c4 8*7+4=0c6 4*7+6=4c3 0*7+3=3c0 = 3402
638 * 2 =	8*2+0=6c1 3*2+1=7c0 6*2+0=2c1 0*2+1=1c0 = 1276
608 * 8 =	8*8+0=4c6 0*8+6=6c0 6*8+0=8c4 0*8+4=4c0 = 4864
425 * 5 =	5*5+0=5c2 2*5+2=2c1 4*5+1=1c2 0*5+2=2c0 = 2125
571 * 8 =	1*8+0=8c0 7*8+0=6c5 5*8+5=5c4 0*8+4=4c0 = 4568
507 * 8 =	7*8+0=6c5 0*8+5=5c0 5*8+0=0c4 0*8+4=4c0 = 4056
590 * 7 =	0*7+0=0c0 9*7+0=3c6 5*7+6=1c4 0*7+4=4c0 = 4130
603 * 2 =	3*2+0=6c0 0*2+0=0c0 6*2+0=2c1 0*2+1=1c0 = 1206
313 * 8 =	3*8+0=4c2 1*8+2=0c1 3*8+1=5c2 0*8+2=2c0 = 2504
142 * 9 =	2*9+0=8c1 4*9+1=7c3 1*9+3=2c1 0*9+1=1c0 = 1278
172 * 5 =	2*5+0=0c1 7*5+1=6c3 1*5+3=8c0 = 860
533 * 3 =	3*3+0=9c0 3*3+0=9c0 5*3+0=5c1 0*3+1=1c0 = 1599
611 * 3 =	1*3+0=3c0 1*3+0=3c0 6*3+0=8c1 0*3+1=1c0 = 1833
729 * 8 =	9*8+0=2c7 2*8+7=3c2 7*8+2=8c5 0*8+5=5c0 = 5832
556 * 3 =	6*3+0=8c1 5*3+1=6c1 5*3+1=6c1 0*3+1=1c0 = 1668
347 * 5 =	7*5+0=5c3 4*5+3=3c2 3*5+2=7c1 0*5+1=1c0 = 1735
350 * 7 =	0*7+0=0c0 5*7+0=5c3 3*7+3=4c2 0*7+2=2c0 = 2450
357 * 7 =	7*7+0=9c4 5*7+4=9c3 3*7+3=4c2 0*7+2=2c0 = 2499
885 * 6 =	5*6+0=0c3 8*6+3=1c5 8*6+5=3c5 0*6+5=5c0 = 5310
208 * 2 =	8*2+0=6c1 0*2+1=1c0 2*2+0=4c0 = 416
255 * 7 =	5*7+0=5c3 5*7+3=8c3 2*7+3=7c1 0*7+1=1c0 = 1785
353 * 4 =	3*4+0=2c1 5*4+1=1c2 3*4+2=4c1 0*4+1=1c0 = 1412
280 * 3 =	0*3+0=0c0 8*3+0=4c2 2*3+2=8c0 = 840
840 * 4 =	0*4+0=0c0 4*4+0=6c1 8*4+1=3c3 0*4+3=3c0 = 3360
696 * 5 =	6*5+0=0c3 9*5+3=8c4 6*5+4=4c3 0*5+3=3c0 = 3480
591 * 4 =	1*4+0=4c0 9*4+0=6c3 5*4+3=3c2 0*4+2=2c0 = 2364
112 * 5 =	2*5+0=0c1 1*5+1=6c0 1*5+0=5c0 = 560
609 * 2 =	9*2+0=8c1 0*2+1=1c0 6*2+0=2c1 0*2+1=1c0 = 1218
659 * 4 =	9*4+0=6c3 5*4+3=3c2 6*4+2=6c2 0*4+2=2c0 = 2636
373 * 8 =	3*8+0=4c2 7*8+2=8c5 3*8+5=9c2 0*8+2=2c0 = 2984
648 * 6 =	8*6+0=8c4 4*6+4=8c2 6*6+2=8c3 0*6+3=3c0 = 3888
939 * 4 =	9*4+0=6c3 3*4+3=5c1 9*4+1=7c3 0*4+3=3c0 = 3756
581 * 9 =	1*9+0=9c0 8*9+0=2c7 5*9+7=2c5 0*9+5=5c0 = 5229
556 * 8 =	6*8+0=8c4 5*8+4=4c4 5*8+4=4c4 0*8+4=4c0 = 4448
438 * 9 =	8*9+0=2c7 3*9+7=4c3 4*9+3=9c3 0*9+3=3c0 = 3942
215 * 6 =	5*6+0=0c3 1*6+3=9c0 2*6+0=2c1 0*6+1=1c0 = 1290
682 * 9 =	2*9+0=8c1 8*9+1=3c7 6*9+7=1c6 0*9+6=6c0 = 6138
782 * 5 =	2*5+0=0c1 8*5+1=1c4 7*5+4=9c3 0*5+3=3c0 = 3910
284 * 3 =	4*3+0=2c1 8*3+1=5c2 2*3+2=8c0 = 852
102 * 5 =	2*5+0=0c1 0*5+1=1c0 1*5+0=5c0 = 510
407 * 4 =	7*4+0=8c2 0*4+2=2c0 4*4+0=6c1 0*4+1=1c0 = 1628
185 * 3 =	5*3+0=5c1 8*3+1=5c2 1*3+2=5c0 = 555
722 * 9 =	2*9+0=8c1 2*9+1=9c1 7*9+1=4c6 0*9+6=6c0 = 6498
519 * 8 =	9*8+0=2c7 1*8+7=5c1 5*8+1=1c4 0*8+4=4c0 = 4152
217 * 3 =	7*3+0=1c2 1*3+2=5c0 2*3+0=6c0 = 651
104 * 6 =	4*6+0=4c2 0*6+2=2c0 1*6+0=6c0 = 624
388 * 3 =	8*3+0=4c2 8*3+2=6c2 3*3+2=1c1 0*3+1=1c0 = 1164
494 * 6 =	4*6+0=4c2 9*6+2=6c5 4*6+5=9c2 0*6+2=2c0 = 2964
785 * 9 =	5*9+0=5c4 8*9+4=6c7 7*9+7=0c7 0*9+7=7c0 = 7065
833 * 3 =	3*3+0=9c0 3*3+0=9c0 8*3+0=4c2 0*3+2=2c0 = 2499
674 * 9 =	4*9+0=6c3 7*9+3=6c6 6*9+6=0c6 0*9+6=6c0 = 6066
991 * 7 =	1*7+0=7c0 9*7+0=3c6 9*7+6=9c6 0*7+6=6c0 = 6937
327 * 9 =	7*9+0=3c6 2*9+6=4c2 3*9+2=9c2 0*9+2=2c0 = 2943
674 * 2 =	4*2+0=8c0 7*2+0=4c1 6*2+1=3c1 0*2+1=1c0 = 1348
765 * 3 =	5*3+0=5c1 6*3+1=9c1 7*3+1=2c2 0*3+2=2c0 = 2295
916 * 5 =	6*5+0=0c3 1*5+3=8c0 9*5+0=5c4 0*5+4=4c0 = 4580
422 * 9 =	2*9+0=8c1 2*9+1=9c1 4*9+1=7c3 0*9+3=3c0 = 3798
578 * 4 =	8*4+0=2c3 7*4+3=1c3 5*4+3=3c2 0*4+2=2c0 = 2312
557 * 8 =	7*8+0=6c5 5*8+5=5c4 5*8+4=4c4 0*8+4=4c0 = 4456
634 * 6 =	4*6+0=4c2 3*6+2=0c2 6*6+2=8c3 0*6+3=3c0 = 3804
554 * 7 =	4*7+0=8c2 5*7+2=7c3 5*7+3=8c3 0*7+3=3c0 = 3878
746 * 3 =	6*3+0=8c1 4*3+1=3c1 7*3+1=2c2 0*3+2=2c0 = 2238
935 * 6 =	5*6+0=0c3 3*6+3=1c2 9*6+2=6c5 0*6+5=5c0 = 5610
362 * 5 =	2*5+0=0c1 6*5+1=1c3 3*5+3=8c1 0*5+1=1c0 = 1810
604 * 3 =	4*3+0=2c1 0*3+1=1c0 6*3+0=8c1 0*3+1=1c0 = 1812
662 * 3 =	2*3+0=6c0 6*3+0=8c1 6*3+1=9c1 0*3+1=1c0 = 1986
384 * 8 =	4*8+0=2c3 8*8+3=7c6 3*8+6=0c3 0*8+3=3c0 = 3072
806 * 4 =	6*4+0=4c2 0*4+2=2c0 8*4+0=2c3 0*4+3=3c0 = 3224
885 * 8 =	5*8+0=0c4 8*8+4=8c6 8*8+6=0c7 0*8+7=7c0 = 7080
416 * 5 =	6*5+0=0c3 1*5+3=8c0 4*5+0=0c2 0*5+2=2c0 = 2080
136 * 9 =	6*9+0=4c5 3*9+5=2c3 1*9+3=2c1 0*9+1=1c0 = 1224
340 * 6 =	0*6+0=0c0 4*6+0=4c2 3*6+2=0c2 0*6+2=2c0 = 2040
237 * 5 =	7*5+0=5c3 3*5+3=8c1 2*5+1=1c1 0*5+1=1c0 = 1185
744 * 3 =	4*3+0=2c1 4*3+1=3c1 7*3+1=2c2 0*3+2=2c0 = 2232
154 * 9 =	4*9+0=6c3 5*9+3=8c4 1*9+4=3c1 0*9+1=1c0 = 1386
461 * 4 =	1*4+0=4c0 6*4+0=4c2 4*4+2=8c1 0*4+1=1c0 = 1844
752 * 9 =	2*9+0=8c1 5*9+1=6c4 7*9+4=7c6 0*9+6=6c0 = 6768
330 * 8 =	0*8+0=0c0 3*8+0=4c2 3*8+2=6c2 0*8+2=2c0 = 2640
820 * 7 =	0*7+0=0c0 2*7+0=4c1 8*7+1=7c5 0*7+5=5c0 = 5740
677 * 3 =	7*3+0=1c2 7*3+2=3c2 6*3+2=0c2 0*3+2=2c0 = 2031
508 * 6 =	8*6+0=8c4 0*6+4=4c0 5*6+0=0c3 0*6+3=3c0 = 3048
599 * 7 =	9*7+0=3c6 9*7+6=9c6 5*7+6=1c4 0*7+4=4c0 = 4193
257 * 6 =	7*6+0=2c4 5*6+4=4c3 2*6+3=5c1 0*6+1=1c0 = 1542
942 * 3 =	2*3+0=6c0 4*3+0=2c1 9*3+1=8c2 0*3+2=2c0 = 2826
940 * 8 =	0*8+0=0c0 4*8+0=2c3 9*8+3=5c7 0*8+7=7c0 = 7520
274 * 2 =	4*2+0=8c0 7*2+0=4c1 2*2+1=5c0 = 548
717 * 8 =	7*8+0=6c5 1*8+5=3c1 7*8+1=7c5 0*8+5=5c0 = 5736
941 * 5 =	1*5+0=5c0 4*5+0=0c2 9*5+2=7c4 0*5+4=4c0 = 4705
518 * 8 =	8*8+0=4c6 1*8+6=4c1 5*8+1=1c4 0*8+4=4c0 = 4144
714 * 5 =	4*5+0=0c2 1*5+2=7c0 7*5+0=5c3 0*5+3=3c0 = 3570
215 * 7 =	5*7+0=5c3 1*7+3=0c1 2*7+1=5c1 0*7+1=1c0 = 1505
826 * 2 =	6*2+0=2c1 2*2+1=5c0 8*2+0=6c1 0*2+1=1c0 = 1652
143 * 8 =	3*8+0=4c2 4*8+2=4c3 1*8+3=1c1 0*8+1=1c0 = 1144
199 * 6 =	9*6+0=4c5 9*6+5=9c5 1*6+5=1c1 0*6+1=1c0 = 1194
608 * 3 =	8*3+0=4c2 0*3+2=2c0 6*3+0=8c1 0*3+1=1c0 = 1824
204 * 2 =	4*2+0=8c0 0*2+0=0c0 2*2+0=4c0 = 408
998 * 5 =	8*5+0=0c4 9*5+4=9c4 9*5+4=9c4 0*5+4=4c0 = 4990
456 * 6 =	6*6+0=6c3 5*6+3=3c3 4*6+3=7c2 0*6+2=2c0 = 2736
405 * 6 =	5*6+0=0c3 0*6+3=3c0 4*6+0=4c2 0*6+2=2c0 = 2430
410 * 6 =	0*6+0=0c0 1*6+0=6c0 4*6+0=4c2 0*6+2=2c0 = 2460
302 * 9 =	2*9+0=8c1 0*9+1=1c0 3*9+0=7c2 0*9+2=2c0 = 2718
117 * 6 =	7*6+0=2c4 1*6+4=0c1 1*6+1=7c0 = 702
167 * 7 =	7*7+0=9c4 6*7+4=6c4 1*7+4=1c1 0*7+1=1c0 = 1169
303 * 5 =	3*5+0=5c1 0*5+1=1c0 3*5+0=5c1 0*5+1=1c0 = 1515
868 * 5 =	8*5+0=0c4 6*5+4=4c3 8*5+3=3c4 0*5+4=4c0 = 4340
254 * 8 =	4*8+0=2c3 5*8+3=3c4 2*8+4=0c2 0*8+2=2c0 = 2032
599 * 2 =	9*2+0=8c1 9*2+1=9c1 5*2+1=1c1 0*2+1=1c0 = 1198
479 * 9 =	9*9+0=1c8 7*9+8=1c7 4*9+7=3c4 0*9+4=4c0 = 4311
901 * 3 =	1*3+0=3c0 0*3+0=0c0 9*3+0=7c2 0*3+2=2c0 = 2703
584 * 3 =	4*3+0=2c1 8*3+1=5c2 5*3+2=7c1 0*3+1=1c0 = 1752
148 * 5 =	8*5+0=0c4 4*5+4=4c2 1*5+2=7c0 = 740
620 * 7 =	0*7+0=0c0 2*7+0=4c1 6*7+1=3c4 0*7+4=4c0 = 4340
747 * 2 =	7*2+0=4c1 4*2+1=9c0 7*2+0=4c1 0*2+1=1c0 = 1494
149 * 3 =	9*3+0=7c2 4*3+2=4c1 1*3+1=4c0 = 447
433 * 4 =	3*4+0=2c1 3*4+1=3c1 4*4+1=7c1 0*4+1=1c0 = 1732
167 * 9 =	7*9+0=3c6 6*9+6=0c6 1*9+6=5c1 0*9+1=1c0 = 1503
258 * 3 =	8*3+0=4c2 5*3+2=7c1 2*3+1=7c0 = 774
686 * 3 =	6*3+0=8c1 8*3+1=5c2 6*3+2=0c2 0*3+2=2c0 = 2058
973 * 5 =	3*5+0=5c1 7*5+1=6c3 9*5+3=8c4 0*5+4=4c0 = 4865
683 * 6 =	3*6+0=8c1 8*6+1=9c4 6*6+4=0c4 0*6+4=4c0 = 4098
730 * 3 =	0*3+0=0c0 3*3+0=9c0 7*3+0=1c2 0*3+2=2c0 = 2190
159 * 4 =	9*4+0=6c3 5*4+3=3c2 1*4+2=6c0 = 636
602 * 9 =	2*9+0=8c1 0*9+1=1c0 6*9+0=4c5 0*9+5=5c0 = 5418
161 * 6 =	1*6+0=6c0 6*6+0=6c3 1*6+3=9c0 = 966
710 * 3 =	0*3+0=0c0 1*3+0=3c0 7*3+0=1c2 0*3+2=2c0 = 2130
125 * 2 =	5*2+0=0c1 2*2+1=5c0 1*2+0=2c0 = 250
548 * 8 =	8*8+0=4c6 4*8+6=8c3 5*8+3=3c4 0*8+4=4c0 = 4384
405 * 4 =	5*4+0=0c2 0*4+2=2c0 4*4+0=6c1 0*4+1=1c0 = 1620
862 * 9 =	2*9+0=8c1 6*9+1=5c5 8*9+5=7c7 0*9+7=7c0 = 7758
654 * 2 =	4*2+0=8c0 5*2+0=0c1 6*2+1=3c1 0*2+1=1c0 = 1308
205 * 5 =	5*5+0=5c2 0*5+2=2c0 2*5+0=0c1 0*5+1=1c0 = 1025
380 * 4 =	0*4+0=0c0 8*4+0=2c3 3*4+3=5c1 0*4+1=1c0 = 1520
354 * 5 =	4*5+0=0c2 5*5+2=7c2 3*5+2=7c1 0*5+1=1c0 = 1770
889 * 3 =	9*3+0=7c2 8*3+2=6c2 8*3+2=6c2 0*3+2=2c0 = 2667
308 * 7 =	8*7+0=6c5 0*7+5=5c0 3*7+0=1c2 0*7+2=2c0 = 2156
241 * 3 =	1*3+0=3c0 4*3+0=2c1 2*3+1=7c0 = 723
616 * 5 =	6*5+0=0c3 1*5+3=8c0 6*5+0=0c3 0*5+3=3c0 = 3080
713 * 5 =	3*5+0=5c1 1*5+1=6c0 7*5+0=5c3 0*5+3=3c0 = 3565
667 * 5 =	7*5+0=5c3 6*5+3=3c3 6*5+3=3c3 0*5+3=3c0 = 3335
570 * 2 =	0*2+0=0c0 7*2+0=4c1 5*2+1=1c1 0*2+1=1c0 = 1140
213 * 8 =	3*8+0=4c2 1*8+2=0c1 2*8+1=7c1 0*8+1=1c0 = 1704
718 * 8 =	8*8+0=4c6 1*8+6=4c1 7*8+1=7c5 0*8+5=5c0 = 5744
882 * 5 =	2*5+0=0c1 8*5+1=1c4 8*5+4=4c4 0*5+4=4c0 = 4410
669 * 4 =	9*4+0=6c3 6*4+3=7c2 6*4+2=6c2 0*4+2=2c0 = 2676
883 * 4 =	3*4+0=2c1 8*4+1=3c3 8*4+3=5c3 0*4+3=3c0 = 3532
454 * 9 =	4*9+0=6c3 5*9+3=8c4 4*9+4=0c4 0*9+4=4c0 = 4086
784 * 6 =	4*6+0=4c2 8*6+2=0c5 7*6+5=7c4 0*6+4=4c0 = 4704
554 * 3 =	4*3+0=2c1 5*3+1=6c1 5*3+1=6c1 0*3+1=1c0 = 1662
880 * 8 =	0*8+0=0c0 8*8+0=4c6 8*8+6=0c7 0*8+7=7c0 = 7040
138 * 3 =	8*3+0=4c2 3*3+2=1c1 1*3+1=4c0 = 414
160 * 8 =	0*8+0=0c0 6*8+0=8c4 1*8+4=2c1 0*8+1=1c0 = 1280
352 * 2 =	2*2+0=4c0 5*2+0=0c1 3*2+1=7c0 = 704
148 * 8 =	8*8+0=4c6 4*8+6=8c3 1*8+3=1c1 0*8+1=1c0 = 1184
595 * 2 =	5*2+0=0c1 9*2+1=9c1 5*2+1=1c1 0*2+1=1c0 = 1190
244 * 9 =	4*9+0=6c3 4*9+3=9c3 2*9+3=1c2 0*9+2=2c0 = 2196
723 * 5 =	3*5+0=5c1 2*5+1=1c1 7*5+1=6c3 0*5+3=3c0 = 3615
524 * 6 =	4*6+0=4c2 2*6+2=4c1 5*6+1=1c3 0*6+3=3c0 = 3144
914 * 4 =	4*4+0=6c1 1*4+1=5c0 9*4+0=6c3 0*4+3=3c0 = 3656
820 * 5 =	0*5+0=0c0 2*5+0=0c1 8*5+1=1c4 0*5+4=4c0 = 4100
463 * 9 =	3*9+0=7c2 6*9+2=6c5 4*9+5=1c4 0*9+4=4c0 = 4167
812 * 6 =	2*6+0=2c1 1*6+1=7c0 8*6+0=8c4 0*6+4=4c0 = 4872
330 * 3 =	0*3+0=0c0 3*3+0=9c0 3*3+0=9c0 = 990
461 * 9 =	1*9+0=9c0 6*9+0=4c5 4*9+5=1c4 0*9+4=4c0 = 4149
933 * 5 =	3*5+0=5c1 3*5+1=6c1 9*5+1=6c4 0*5+4=4c0 = 4665
579 * 8 =	9*8+0=2c7 7*8+7=3c6 5*8+6=6c4 0*8+4=4c0 = 4632
414 * 5 =	4*5+0=0c2 1*5+2=7c0 4*5+0=0c2 0*5+2=2c0 = 2070
139 * 4 =	9*4+0=6c3 3*4+3=5c1 1*4+1=5c0 = 556
619 * 7 =	9*7+0=3c6 1*7+6=3c1 6*7+1=3c4 0*7+4=4c0 = 4333
828 * 2 =	8*2+0=6c1 2*2+1=5c0 8*2+0=6c1 0*2+1=1c0 = 1656
849 * 6 =	9*6+0=4c5 4*6+5=9c2 8*6+2=0c5 0*6+5=5c0 = 5094
255 * 9 =	5*9+0=5c4 5*9+4=9c4 2*9+4=2c2 0*9+2=2c0 = 2295
672 * 9 =	2*9+0=8c1 7*9+1=4c6 6*9+6=0c6 0*9+6=6c0 = 6048
553 * 4 =	3*4+0=2c1 5*4+1=1c2 5*4+2=2c2 0*4+2=2c0 = 2212
741 * 3 =	1*3+0=3c0 4*3+0=2c1 7*3+1=2c2 0*3+2=2c0 = 2223
470 * 5 =	0*5+0=0c0 7*5+0=5c3 4*5+3=3c2 0*5+2=2c0 = 2350
449 * 3 =	9*3+0=7c2 4*3+2=4c1 4*3+1=3c1 0*3+1=1c0 = 1347
408 * 6 =	8*6+0=8c4 0*6+4=4c0 4*6+0=4c2 0*6+2=2c0 = 2448
564 * 5 =	4*5+0=0c2 6*5+2=2c3 5*5+3=8c2 0*5+2=2c0 = 2820
795 * 8 =	5*8+0=0c4 9*8+4=6c7 7*8+7=3c6 0*8+6=6c0 = 6360
519 * 6 =	9*6+0=4c5 1*6+5=1c1 5*6+1=1c3 0*6+3=3c0 = 3114
226 * 7 =	6*7+0=2c4 2*7+4=8c1 2*7+1=5c1 0*7+1=1c0 = 1582
466 * 8 =	6*8+0=8c4 6*8+4=2c5 4*8+5=7c3 0*8+3=3c0 = 3728
193 * 2 =	3*2+0=6c0 9*2+0=8c1 1*2+1=3c0 = 386
515 * 7 =	5*7+0=5c3 1*7+3=0c1 5*7+1=6c3 0*7+3=3c0 = 3605
713 * 3 =	3*3+0=9c0 1*3+0=3c0 7*3+0=1c2 0*3+2=2c0 = 2139
673 * 5 =	3*5+0=5c1 7*5+1=6c3 6*5+3=3c3 0*5+3=3c0 = 3365
159 * 3 =	9*3+0=7c2 5*3+2=7c1 1*3+1=4c0 = 477
434 * 5 =	4*5+0=0c2 3*5+2=7c1 4*5+1=1c2 0*5+2=2c0 = 2170
340 * 4 =	0*4+0=0c0 4*4+0=6c1 3*4+1=3c1 0*4+1=1c0 = 1360
709 * 3 =	9*3+0=7c2 0*3+2=2c0 7*3+0=1c2 0*3+2=2c0 = 2127
319 * 7 =	9*7+0=3c6 1*7+6=3c1 3*7+1=2c2 0*7+2=2c0 = 2233
151 * 2 =	1*2+0=2c0 5*2+0=0c1 1*2+1=3c0 = 302
503 * 3 =	3*3+0=9c0 0*3+0=0c0 5*3+0=5c1 0*3+1=1c0 = 1509
141 * 6 =	1*6+0=6c0 4*6+0=4c2 1*6+2=8c0 = 846
778 * 3 =	8*3+0=4c2 7*3+2=3c2 7*3+2=3c2 0*3+2=2c0 = 2334
896 * 9 =	6*9+0=4c5 9*9+5=6c8 8*9+8=0c8 0*9+8=8c0 = 8064
581 * 3 =	1*3+0=3c0 8*3+0=4c2 5*3+2=7c1 0*3+1=1c0 = 1743
482 * 5 =	2*5+0=0c1 8*5+1=1c4 4*5+4=4c2 0*5+2=2c0 = 2410
570 * 8 =	0*8+0=0c0 7*8+0=6c5 5*8+5=5c4 0*8+4=4c0 = 4560
852 * 5 =	2*5+0=0c1 5*5+1=6c2 8*5+2=2c4 0*5+4=4c0 = 4260
813 * 2 =	3*2+0=6c0 1*2+0=2c0 8*2+0=6c1 0*2+1=1c0 = 1626
607 * 4 =	7*4+0=8c2 0*4+2=2c0 6*4+0=4c2 0*4+2=2c0 = 2428
804 * 9 =	4*9+0=6c3 0*9+3=3c0 8*9+0=2c7 0*9+7=7c0 = 7236
169 * 2 =	9*2+0=8c1 6*2+1=3c1 1*2+1=3c0 = 338
236 * 2 =	6*2+0=2c1 3*2+1=7c0 2*2+0=4c0 = 472
199 * 5 =	9*5+0=5c4 9*5+4=9c4 1*5+4=9c0 = 995
276 * 4 =	6*4+0=4c2 7*4+2=0c3 2*4+3=1c1 0*4+1=1c0 = 1104
671 * 4 =	1*4+0=4c0 7*4+0=8c2 6*4+2=6c2 0*4+2=2c0 = 2684
466 * 9 =	6*9+0=4c5 6*9+5=9c5 4*9+5=1c4 0*9+4=4c0 = 4194
133 * 9 =	3*9+0=7c2 3*9+2=9c2 1*9+2=1c1 0*9+1=1c0 = 1197
893 * 5 =	3*5+0=5c1 9*5+1=6c4 8*5+4=4c4 0*5+4=4c0 = 4465
331 * 7 =	1*7+0=7c0 3*7+0=1c2 3*7+2=3c2 0*7+2=2c0 = 2317
819 * 9 =	9*9+0=1c8 1*9+8=7c1 8*9+1=3c7 0*9+7=7c0 = 7371
898 * 5 =	8*5+0=0c4 9*5+4=9c4 8*5+4=4c4 0*5+4=4c0 = 4490
531 * 4 =	1*4+0=4c0 3*4+0=2c1 5*4+1=1c2 0*4+2=2c0 = 2124
418 * 3 =	8*3+0=4c2 1*3+2=5c0 4*3+0=2c1 0*3+1=1c0 = 1254
206 * 8 =	6*8+0=8c4 0*8+4=4c0 2*8+0=6c1 0*8+1=1c0 = 1648
397 * 5 =	7*5+0=5c3 9*5+3=8c4 3*5+4=9c1 0*5+1=1c0 = 1985
216 * 9 =	6*9+0=4c5 1*9+5=4c1 2*9+1=9c1 0*9+1=1c0 = 1944
431 * 7 =	1*7+0=7c0 3*7+0=1c2 4*7+2=0c3 0*7+3=3c0 = 3017
180 * 5 =	0*5+0=0c0 8*5+0=0c4 1*5+4=9c0 = 900
766 * 3 =	6*3+0=8c1 6*3+1=9c1 7*3+1=2c2 0*3+2=2c0 = 2298
900 * 9 =	0*9+0=0c0 0*9+0=0c0 9*9+0=1c8 0*9+8=8c0 = 8100
861 * 3 =	1*3+0=3c0 6*3+0=8c1 8*3+1=5c2 0*3+2=2c0 = 2583
436 * 9 =	6*9+0=4c5 3*9+5=2c3 4*9+3=9c3 0*9+3=3c0 = 3924
445 * 8 =	5*8+0=0c4 4*8+4=6c3 4*8+3=5c3 0*8+3=3c0 = 3560
275 * 2 =	5*2+0=0c1 7*2+1=5c1 2*2+1=5c0 = 550
110 * 2 =	0*2+0=0c0 1*2+0=2c0 1*2+0=2c0 = 220
206 * 3 =	6*3+0=8c1 0*3+1=1c0 2*3+0=6c0 = 618
385 * 4 =	5*4+0=0c2 8*4+2=4c3 3*4+3=5c1 0*4+1=1c0 = 1540
295 * 6 =	5*6+0=0c3 9*6+3=7c5 2*6+5=7c1 0*6+1=1c0 = 1770
980 * 9 =	0*9+0=0c0 8*9+0=2c7 9*9+7=8c8 0*9+8=8c0 = 8820
968 * 3 =	8*3+0=4c2 6*3+2=0c2 9*3+2=9c2 0*3+2=2c0 = 2904
407 * 8 =	7*8+0=6c5 0*8+5=5c0 4*8+0=2c3 0*8+3=3c0 = 3256
968 * 9 =	8*9+0=2c7 6*9+7=1c6 9*9+6=7c8 0*9+8=8c0 = 8712
791 * 2 =	1*2+0=2c0 9*2+0=8c1 7*2+1=5c1 0*2+1=1c0 = 1582
615 * 3 =	5*3+0=5c1 1*3+1=4c0 6*3+0=8c1 0*3+1=1c0 = 1845
453 * 8 =	3*8+0=4c2 5*8+2=2c4 4*8+4=6c3 0*8+3=3c0 = 3624
964 * 7 =	4*7+0=8c2 6*7+2=4c4 9*7+4=7c6 0*7+6=6c0 = 6748
943 * 8 =	3*8+0=4c2 4*8+2=4c3 9*8+3=5c7 0*8+7=7c0 = 7544
141 * 7 =	1*7+0=7c0 4*7+0=8c2 1*7+2=9c0 = 987
202 * 6 =	2*6+0=2c1 0*6+1=1c0 2*6+0=2c1 0*6+1=1c0 = 1212
884 * 6 =	4*6+0=4c2 8*6+2=0c5 8*6+5=3c5 0*6+5=5c0 = 5304
975 * 2 =	5*2+0=0c1 7*2+1=5c1 9*2+1=9c1 0*2+1=1c0 = 1950
799 * 3 =	9*3+0=7c2 9*3+2=9c2 7*3+2=3c2 0*3+2=2c0 = 2397
409 * 9 =	9*9+0=1c8 0*9+8=8c0 4*9+0=6c3 0*9+3=3c0 = 3681
650 * 2 =	0*2+0=0c0 5*2+0=0c1 6*2+1=3c1 0*2+1=1c0 = 1300
487 * 5 =	7*5+0=5c3 8*5+3=3c4 4*5+4=4c2 0*5+2=2c0 = 2435
504 * 8 =	4*8+0=2c3 0*8+3=3c0 5*8+0=0c4 0*8+4=4c0 = 4032
326 * 7 =	6*7+0=2c4 2*7+4=8c1 3*7+1=2c2 0*7+2=2c0 = 2282
661 * 9 =	1*9+0=9c0 6*9+0=4c5 6*9+5=9c5 0*9+5=5c0 = 5949
336 * 5 =	6*5+0=0c3 3*5+3=8c1 3*5+1=6c1 0*5+1=1c0 = 1680
253 * 4 =	3*4+0=2c1 5*4+1=1c2 2*4+2=0c1 0*4+1=1c0 = 1012
349 * 9 =	9*9+0=1c8 4*9+8=4c4 3*9+4=1c3 0*9+3=3c0 = 3141
719 * 3 =	9*3+0=7c2 1*3+2=5c0 7*3+0=1c2 0*3+2=2c0 = 2157
208 * 5 =	8*5+0=0c4 0*5+4=4c0 2*5+0=0c1 0*5+1=1c0 = 1040
381 * 5 =	1*5+0=5c0 8*5+0=0c4 3*5+4=9c1 0*5+1=1c0 = 1905
293 * 6 =	3*6+0=8c1 9*6+1=5c5 2*6+5=7c1 0*6+1=1c0 = 1758
558 * 5 =	8*5+0=0c4 5*5+4=9c2 5*5+2=7c2 0*5+2=2c0 = 2790
162 * 5 =	2*5+0=0c1 6*5+1=1c3 1*5+3=8c0 = 810
289 * 4 =	9*4+0=6c3 8*4+3=5c3 2*4+3=1c1 0*4+1=1c0 = 1156
162 * 7 =	2*7+0=4c1 6*7+1=3c4 1*7+4=1c1 0*7+1=1c0 = 1134
640 * 9 =	0*9+0=0c0 4*9+0=6c3 6*9+3=7c5 0*9+5=5c0 = 5760
546 * 5 =	6*5+0=0c3 4*5+3=3c2 5*5+2=7c2 0*5+2=2c0 = 2730
822 * 9 =	2*9+0=8c1 2*9+1=9c1 8*9+1=3c7 0*9+7=7c0 = 7398
441 * 3 =	1*3+0=3c0 4*3+0=2c1 4*3+1=3c1 0*3+1=1c0 = 1323
459 * 3 =	9*3+0=7c2 5*3+2=7c1 4*3+1=3c1 0*3+1=1c0 = 1377
288 * 2 =	8*2+0=6c1 8*2+1=7c1 2*2+1=5c0 = 576
456 * 7 =	6*7+0=2c4 5*7+4=9c3 4*7+3=1c3 0*7+3=3c0 = 3192
433 * 6 =	3*6+0=8c1 3*6+1=9c1 4*6+1=5c2 0*6+2=2c0 = 2598
303 * 2 =	3*2+0=6c0 0*2+0=0c0 3*2+0=6c0 = 606
412 * 6 =	2*6+0=2c1 1*6+1=7c0 4*6+0=4c2 0*6+2=2c0 = 2472
214 * 9 =	4*9+0=6c3 1*9+3=2c1 2*9+1=9c1 0*9+1=1c0 = 1926
610 * 3 =	0*3+0=0c0 1*3+0=3c0 6*3+0=8c1 0*3+1=1c0 = 1830
904 * 8 =	4*8+0=2c3 0*8+3=3c0 9*8+0=2c7 0*8+7=7c0 = 7232
961 * 2 =	1*2+0=2c0 6*2+0=2c1 9*2+1=9c1 0*2+1=1c0 = 1922
757 * 8 =	7*8+0=6c5 5*8+5=5c4 7*8+4=0c6 0*8+6=6c0 = 6056
547 * 4 =	7*4+0=8c2 4*4+2=8c1 5*4+1=1c2 0*4+2=2c0 = 2188
936 * 6 =	6*6+0=6c3 3*6+3=1c2 9*6+2=6c5 0*6+5=5c0 = 5616
846 * 4 =	6*4+0=4c2 4*4+2=8c1 8*4+1=3c3 0*4+3=3c0 = 3384
801 * 8 =	1*8+0=8c0 0*8+0=0c0 8*8+0=4c6 0*8+6=6c0 = 6408
242 * 8 =	2*8+0=6c1 4*8+1=3c3 2*8+3=9c1 0*8+1=1c0 = 1936
821 * 9 =	1*9+0=9c0 2*9+0=8c1 8*9+1=3c7 0*9+7=7c0 = 7389
161 * 2 =	1*2+0=2c0 6*2+0=2c1 1*2+1=3c0 = 322
346 * 3 =	6*3+0=8c1 4*3+1=3c1 3*3+1=0c1 0*3+1=1c0 = 1038
245 * 8 =	5*8+0=0c4 4*8+4=6c3 2*8+3=9c1 0*8+1=1c0 = 1960
159 * 5 =	9*5+0=5c4 5*5+4=9c2 1*5+2=7c0 = 795
311 * 3 =	1*3+0=3c0 1*3+0=3c0 3*3+0=9c0 = 933
961 * 5 =	1*5+0=5c0 6*5+0=0c3 9*5+3=8c4 0*5+4=4c0 = 4805
629 * 7 =	9*7+0=3c6 2*7+6=0c2 6*7+2=4c4 0*7+4=4c0 = 4403
388 * 4 =	8*4+0=2c3 8*4+3=5c3 3*4+3=5c1 0*4+1=1c0 = 1552
614 * 9 =	4*9+0=6c3 1*9+3=2c1 6*9+1=5c5 0*9+5=5c0 = 5526
972 * 4 =	2*4+0=8c0 7*4+0=8c2 9*4+2=8c3 0*4+3=3c0 = 3888
486 * 6 =	6*6+0=6c3 8*6+3=1c5 4*6+5=9c2 0*6+2=2c0 = 2916
759 * 9 =	9*9+0=1c8 5*9+8=3c5 7*9+5=8c6 0*9+6=6c0 = 6831
205 * 8 =	5*8+0=0c4 0*8+4=4c0 2*8+0=6c1 0*8+1=1c0 = 1640
869 * 2 =	9*2+0=8c1 6*2+1=3c1 8*2+1=7c1 0*2+1=1c0 = 1738
833 * 5 =	3*5+0=5c1 3*5+1=6c1 8*5+1=1c4 0*5+4=4c0 = 4165
867 * 6 =	7*6+0=2c4 6*6+4=0c4 8*6+4=2c5 0*6+5=5c0 = 5202
813 * 3 =	3*3+0=9c0 1*3+0=3c0 8*3+0=4c2 0*3+2=2c0 = 2439
827 * 5 =	7*5+0=5c3 2*5+3=3c1 8*5+1=1c4 0*5+4=4c0 = 4135
869 * 7 =	9*7+0=3c6 6*7+6=8c4 8*7+4=0c6 0*7+6=6c0 = 6083
740 * 3 =	0*3+0=0c0 4*3+0=2c1 7*3+1=2c2 0*3+2=2c0 = 2220
951 * 4 =	1*4+0=4c0 5*4+0=0c2 9*4+2=8c3 0*4+3=3c0 = 3804
599 * 4 =	9*4+0=6c3 9*4+3=9c3 5*4+3=3c2 0*4+2=2c0 = 2396
962 * 2 =	2*2+0=4c0 6*2+0=2c1 9*2+1=9c1 0*2+1=1c0 = 1924
965 * 5 =	5*5+0=5c2 6*5+2=2c3 9*5+3=8c4 0*5+4=4c0 = 4825
316 * 3 =	6*3+0=8c1 1*3+1=4c0 3*3+0=9c0 = 948
814 * 5 =	4*5+0=0c2 1*5+2=7c0 8*5+0=0c4 0*5+4=4c0 = 4070
577 * 5 =	7*5+0=5c3 7*5+3=8c3 5*5+3=8c2 0*5+2=2c0 = 2885
145 * 4 =	5*4+0=0c2 4*4+2=8c1 1*4+1=5c0 = 580
973 * 9 =	3*9+0=7c2 7*9+2=5c6 9*9+6=7c8 0*9+8=8c0 = 8757
693 * 8 =	3*8+0=4c2 9*8+2=4c7 6*8+7=5c5 0*8+5=5c0 = 5544
411 * 4 =	1*4+0=4c0 1*4+0=4c0 4*4+0=6c1 0*4+1=1c0 = 1644
923 * 8 =	3*8+0=4c2 2*8+2=8c1 9*8+1=3c7 0*8+7=7c0 = 7384
562 * 8 =	2*8+0=6c1 6*8+1=9c4 5*8+4=4c4 0*8+4=4c0 = 4496
296 * 8 =	6*8+0=8c4 9*8+4=6c7 2*8+7=3c2 0*8+2=2c0 = 2368
479 * 3 =	9*3+0=7c2 7*3+2=3c2 4*3+2=4c1 0*3+1=1c0 = 1437
149 * 5 =	9*5+0=5c4 4*5+4=4c2 1*5+2=7c0 = 745
575 * 7 =	5*7+0=5c3 7*7+3=2c5 5*7+5=0c4 0*7+4=4c0 = 4025
902 * 7 =	2*7+0=4c1 0*7+1=1c0 9*7+0=3c6 0*7+6=6c0 = 6314
214 * 5 =	4*5+0=0c2 1*5+2=7c0 2*5+0=0c1 0*5+1=1c0 = 1070
255 * 6 =	5*6+0=0c3 5*6+3=3c3 2*6+3=5c1 0*6+1=1c0 = 1530
811 * 4 =	1*4+0=4c0 1*4+0=4c0 8*4+0=2c3 0*4+3=3c0 = 3244
672 * 4 =	2*4+0=8c0 7*4+0=8c2 6*4+2=6c2 0*4+2=2c0 = 2688
221 * 5 =	1*5+0=5c0 2*5+0=0c1 2*5+1=1c1 0*5+1=1c0 = 1105
707 * 5 =	7*5+0=5c3 0*5+3=3c0 7*5+0=5c3 0*5+3=3c0 = 3535
245 * 9 =	5*9+0=5c4 4*9+4=0c4 2*9+4=2c2 0*9+2=2c0 = 2205
637 * 7 =	7*7+0=9c4 3*7+4=5c2 6*7+2=4c4 0*7+4=4c0 = 4459
956 * 9 =	6*9+0=4c5 5*9+5=0c5 9*9+5=6c8 0*9+8=8c0 = 8604
794 * 6 =	4*6+0=4c2 9*6+2=6c5 7*6+5=7c4 0*6+4=4c0 = 4764
271 * 3 =	1*3+0=3c0 7*3+0=1c2 2*3+2=8c0 = 813
908 * 5 =	8*5+0=0c4 0*5+4=4c0 9*5+0=5c4 0*5+4=4c0 = 4540
109 * 9 =	9*9+0=1c8 0*9+8=8c0 1*9+0=9c0 = 981
111 * 4 =	1*4+0=4c0 1*4+0=4c0 1*4+0=4c0 = 444
478 * 3 =	8*3+0=4c2 7*3+2=3c2 4*3+2=4c1 0*3+1=1c0 = 1434
865 * 4 =	5*4+0=0c2 6*4+2=6c2 8*4+2=4c3 0*4+3=3c0 = 3460
683 * 7 =	3*7+0=1c2 8*7+2=8c5 6*7+5=7c4 0*7+4=4c0 = 4781
623 * 4 =	3*4+0=2c1 2*4+1=9c0 6*4+0=4c2 0*4+2=2c0 = 2492
806 * 6 =	6*6+0=6c3 0*6+3=3c0 8*6+0=8c4 0*6+4=4c0 = 4836
730 * 2 =	0*2+0=0c0 3*2+0=6c0 7*2+0=4c1 0*2+1=1c0 = 1460
708 * 5 =	8*5+0=0c4 0*5+4=4c0 7*5+0=5c3 0*5+3=3c0 = 3540
618 * 4 =	8*4+0=2c3 1*4+3=7c0 6*4+0=4c2 0*4+2=2c0 = 2472
533 * 6 =	3*6+0=8c1 3*6+1=9c1 5*6+1=1c3 0*6+3=3c0 = 3198
901 * 4 =	1*4+0=4c0 0*4+0=0c0 9*4+0=6c3 0*4+3=3c0 = 3604
602 * 2 =	2*2+0=4c0 0*2+0=0c0 6*2+0=2c1 0*2+1=1c0 = 1204
554 * 8 =	4*8+0=2c3 5*8+3=3c4 5*8+4=4c4 0*8+4=4c0 = 4432
651 * 8 =	1*8+0=8c0 5*8+0=0c4 6*8+4=2c5 0*8+5=5c0 = 5208
952 * 3 =	2*3+0=6c0 5*3+0=5c1 9*3+1=8c2 0*3+2=2c0 = 2856
655 * 4 =	5*4+0=0c2 5*4+2=2c2 6*4+2=6c2 0*4+2=2c0 = 2620
205 * 4 =	5*4+0=0c2 0*4+2=2c0 2*4+0=8c0 = 820
177 * 3 =	7*3+0=1c2 7*3+2=3c2 1*3+2=5c0 = 531
466 * 5 =	6*5+0=0c3 6*5+3=3c3 4*5+3=3c2 0*5+2=2c0 = 2330
775 * 7 =	5*7+0=5c3 7*7+3=2c5 7*7+5=4c5 0*7+5=5c0 = 5425
483 * 8 =	3*8+0=4c2 8*8+2=6c6 4*8+6=8c3 0*8+3=3c0 = 3864
301 * 3 =	1*3+0=3c0 0*3+0=0c0 3*3+0=9c0 = 903
351 * 6 =	1*6+0=6c0 5*6+0=0c3 3*6+3=1c2 0*6+2=2c0 = 2106
802 * 2 =	2*2+0=4c0 0*2+0=0c0 8*2+0=6c1 0*2+1=1c0 = 1604
490 * 4 =	0*4+0=0c0 9*4+0=6c3 4*4+3=9c1 0*4+1=1c0 = 1960
548 * 2 =	8*2+0=6c1 4*2+1=9c0 5*2+0=0c1 0*2+1=1c0 = 1096
696 * 8 =	6*8+0=8c4 9*8+4=6c7 6*8+7=5c5 0*8+5=5c0 = 5568
775 * 8 =	5*8+0=0c4 7*8+4=0c6 7*8+6=2c6 0*8+6=6c0 = 6200
199 * 7 =	9*7+0=3c6 9*7+6=9c6 1*7+6=3c1 0*7+1=1c0 = 1393
980 * 6 =	0*6+0=0c0 8*6+0=8c4 9*6+4=8c5 0*6+5=5c0 = 5880
655 * 5 =	5*5+0=5c2 5*5+2=7c2 6*5+2=2c3 0*5+3=3c0 = 3275
482 * 9 =	2*9+0=8c1 8*9+1=3c7 4*9+7=3c4 0*9+4=4c0 = 4338
856 * 7 =	6*7+0=2c4 5*7+4=9c3 8*7+3=9c5 0*7+5=5c0 = 5992
402 * 3 =	2*3+0=6c0 0*3+0=0c0 4*3+0=2c1 0*3+1=1c0 = 1206
311 * 4 =	1*4+0=4c0 1*4+0=4c0 3*4+0=2c1 0*4+1=1c0 = 1244
218 * 5 =	8*5+0=0c4 1*5+4=9c0 2*5+0=0c1 0*5+1=1c0 = 1090
643 * 9 =	3*9+0=7c2 4*9+2=8c3 6*9+3=7c5 0*9+5=5c0 = 5787
618 * 7 =	8*7+0=6c5 1*7+5=2c1 6*7+1=3c4 0*7+4=4c0 = 4326
598 * 5 =	8*5+0=0c4 9*5+4=9c4 5*5+4=9c2 0*5+2=2c0 = 2990
599 * 8 =	9*8+0=2c7 9*8+7=9c7 5*8+7=7c4 0*8+4=4c0 = 4792
549 * 8 =	9*8+0=2c7 4*8+7=9c3 5*8+3=3c4 0*8+4=4c0 = 4392
808 * 9 =	8*9+0=2c7 0*9+7=7c0 8*9+0=2c7 0*9+7=7c0 = 7272
349 * 4 =	9*4+0=6c3 4*4+3=9c1 3*4+1=3c1 0*4+1=1c0 = 1396
631 * 3 =	1*3+0=3c0 3*3+0=9c0 6*3+0=8c1 0*3+1=1c0 = 1893
206 * 7 =	6*7+0=2c4 0*7+4=4c0 2*7+0=4c1 0*7+1=1c0 = 1442
522 * 3 =	2*3+0=6c0 2*3+0=6c0 5*3+0=5c1 0*3+1=1c0 = 1566
108 * 9 =	8*9+0=2c7 0*9+7=7c0 1*9+0=9c0 = 972
487 * 4 =	7*4+0=8c2 8*4+2=4c3 4*4+3=9c1 0*4+1=1c0 = 1948
416 * 6 =	6*6+0=6c3 1*6+3=9c0 4*6+0=4c2 0*6+2=2c0 = 2496
299 * 6 =	9*6+0=4c5 9*6+5=9c5 2*6+5=7c1 0*6+1=1c0 = 1794
863 * 3 =	3*3+0=9c0 6*3+0=8c1 8*3+1=5c2 0*3+2=2c0 = 2589
264 * 2 =	4*2+0=8c0 6*2+0=2c1 2*2+1=5c0 = 528
514 * 7 =	4*7+0=8c2 1*7+2=9c0 5*7+0=5c3 0*7+3=3c0 = 3598
345 * 2 =	5*2+0=0c1 4*2+1=9c0 3*2+0=6c0 = 690
383 * 7 =	3*7+0=1c2 8*7+2=8c5 3*7+5=6c2 0*7+2=2c0 = 2681
272 * 3 =	2*3+0=6c0 7*3+0=1c2 2*3+2=8c0 = 816
105 * 8 =	5*8+0=0c4 0*8+4=4c0 1*8+0=8c0 = 840
726 * 2 =	6*2+0=2c1 2*2+1=5c0 7*2+0=4c1 0*2+1=1c0 = 1452
188 * 9 =	8*9+0=2c7 8*9+7=9c7 1*9+7=6c1 0*9+1=1c0 = 1692
513 * 2 =	3*2+0=6c0 1*2+0=2c0 5*2+0=0c1 0*2+1=1c0 = 1026
680 * 2 =	0*2+0=0c0 8*2+0=6c1 6*2+1=3c1 0*2+1=1c0 = 1360
220 * 5 =	0*5+0=0c0 2*5+0=0c1 2*5+1=1c1 0*5+1=1c0 = 1100
